Date,Open,High,Low,Close,Volume,Adjusted
2012-07-10,1135000 ,1142000 ,1121000 ,1127000 ,355742 ,1127000 
2012-07-11,1129000 ,1133000 ,1108000 ,1118000 ,361358 ,1118000 
2012-07-12,1121000 ,1126000 ,1091000 ,1091000 ,500103 ,1091000 
2012-07-13,1096000 ,1144000 ,1091000 ,1139000 ,542252 ,1139000 
2012-07-16,1145000 ,1155000 ,1133000 ,1152000 ,305730 ,1152000 
2012-07-17,1148000 ,1178000 ,1136000 ,1168000 ,317913 ,1168000 
2012-07-18,1179000 ,1185000 ,1138000 ,1154000 ,292655 ,1154000 
2012-07-19,1180000 ,1202000 ,1172000 ,1195000 ,497504 ,1195000 
2012-07-20,1202000 ,1203000 ,1191000 ,1191000 ,240244 ,1191000 
2012-07-23,1165000 ,1170000 ,1155000 ,1162000 ,258087 ,1162000 
2012-07-24,1165000 ,1175000 ,1159000 ,1170000 ,292532 ,1170000 
2012-07-25,1153000 ,1172000 ,1139000 ,1158000 ,273353 ,1158000 
2012-07-26,1169000 ,1174000 ,1160000 ,1172000 ,273339 ,1172000 
2012-07-27,1195000 ,1233000 ,1191000 ,1233000 ,534352 ,1233000 
2012-07-30,1260000 ,1278000 ,1251000 ,1275000 ,382995 ,1275000 
2012-07-31,1280000 ,1334000 ,1275000 ,1309000 ,676303 ,1309000 
2012-08-01,1292000 ,1315000 ,1283000 ,1300000 ,381803 ,1300000 
2012-08-02,1300000 ,1304000 ,1261000 ,1263000 ,320335 ,1263000 
2012-08-03,1240000 ,1267000 ,1238000 ,1243000 ,312338 ,1243000 
2012-08-06,1285000 ,1305000 ,1282000 ,1298000 ,246024 ,1298000 
2012-08-07,1303000 ,1304000 ,1284000 ,1294000 ,205823 ,1294000 
2012-08-08,1306000 ,1328000 ,1301000 ,1320000 ,389471 ,1320000 
2012-08-09,1321000 ,1348000 ,1318000 ,1340000 ,612875 ,1340000 
2012-08-10,1335000 ,1348000 ,1330000 ,1348000 ,294895 ,1348000 
2012-08-13,1342000 ,1347000 ,1323000 ,1325000 ,197976 ,1325000 
2012-08-14,1326000 ,1350000 ,1326000 ,1345000 ,289928 ,1345000 
2012-08-15,1326000 ,1350000 ,1326000 ,1345000 ,289928 ,1345000 
2012-08-16,1354000 ,1355000 ,1338000 ,1345000 ,296891 ,1345000 
2012-08-17,1344000 ,1345000 ,1286000 ,1295000 ,554025 ,1295000 
2012-08-20,1270000 ,1283000 ,1255000 ,1283000 ,399820 ,1283000 
2012-08-21,1292000 ,1302000 ,1282000 ,1282000 ,307047 ,1282000 
2012-08-22,1269000 ,1281000 ,1257000 ,1264000 ,321554 ,1264000 
2012-08-23,1261000 ,1287000 ,1249000 ,1287000 ,277600 ,1287000 
2012-08-24,1270000 ,1287000 ,1264000 ,1275000 ,282921 ,1275000 
2012-08-27,1189000 ,1203000 ,1173000 ,1180000 ,1277983 ,1180000 
2012-08-28,1186000 ,1209000 ,1180000 ,1195000 ,558503 ,1195000 
2012-08-29,1209000 ,1235000 ,1207000 ,1230000 ,469517 ,1230000 
2012-08-30,1228000 ,1229000 ,1202000 ,1215000 ,324636 ,1215000 
2012-08-31,1211000 ,1234000 ,1207000 ,1233000 ,407358 ,1233000 
2012-09-03,1220000 ,1235000 ,1201000 ,1218000 ,278537 ,1218000 
2012-09-04,1219000 ,1228000 ,1210000 ,1218000 ,198954 ,1218000 
2012-09-05,1205000 ,1212000 ,1189000 ,1189000 ,349101 ,1189000 
2012-09-06,1200000 ,1203000 ,1193000 ,1196000 ,247977 ,1196000 
2012-09-07,1230000 ,1251000 ,1220000 ,1250000 ,510922 ,1250000 
2012-09-10,1260000 ,1264000 ,1250000 ,1250000 ,318481 ,1250000 
2012-09-11,1240000 ,1265000 ,1232000 ,1256000 ,198608 ,1256000 
2012-09-12,1268000 ,1295000 ,1259000 ,1294000 ,370250 ,1294000 
2012-09-13,1299000 ,1305000 ,1281000 ,1301000 ,390332 ,1301000 
2012-09-14,1330000 ,1339000 ,1327000 ,1336000 ,498718 ,1336000 
2012-09-17,1336000 ,1336000 ,1312000 ,1315000 ,298200 ,1315000 
2012-09-18,1314000 ,1336000 ,1308000 ,1315000 ,224940 ,1315000 
2012-09-19,1306000 ,1323000 ,1298000 ,1314000 ,242946 ,1314000 
2012-09-20,1293000 ,1305000 ,1284000 ,1287000 ,284488 ,1287000 
2012-09-21,1300000 ,1307000 ,1295000 ,1302000 ,298374 ,1302000 
2012-09-24,1300000 ,1328000 ,1292000 ,1327000 ,264015 ,1327000 
2012-09-25,1310000 ,1334000 ,1310000 ,1327000 ,227443 ,1327000 
2012-09-26,1313000 ,1325000 ,1306000 ,1325000 ,241197 ,1325000 
2012-09-27,1327000 ,1342000 ,1323000 ,1338000 ,291061 ,1338000 
2012-09-28,1359000 ,1360000 ,1339000 ,1346000 ,358509 ,1346000 
2012-10-01,1359000 ,1360000 ,1339000 ,1346000 ,358509 ,1346000 
2012-10-02,1354000 ,1371000 ,1352000 ,1369000 ,267729 ,1369000 
2012-10-03,1354000 ,1371000 ,1352000 ,1369000 ,267729 ,1369000 
2012-10-04,1351000 ,1373000 ,1339000 ,1367000 ,383480 ,1367000 
2012-10-05,1387000 ,1390000 ,1352000 ,1370000 ,357080 ,1370000 
2012-10-08,1375000 ,1379000 ,1360000 ,1373000 ,240919 ,1373000 
2012-10-09,1363000 ,1381000 ,1363000 ,1372000 ,176068 ,1372000 
2012-10-10,1353000 ,1360000 ,1325000 ,1325000 ,260023 ,1325000 
2012-10-11,1310000 ,1320000 ,1287000 ,1304000 ,476265 ,1304000 
2012-10-12,1305000 ,1312000 ,1288000 ,1296000 ,300039 ,1296000 
2012-10-15,1296000 ,1312000 ,1287000 ,1300000 ,206958 ,1300000 
2012-10-16,1326000 ,1331000 ,1315000 ,1330000 ,213589 ,1330000 
2012-10-17,1342000 ,1346000 ,1316000 ,1336000 ,180461 ,1336000 
2012-10-18,1336000 ,1341000 ,1328000 ,1337000 ,210796 ,1337000 
2012-10-19,1323000 ,1325000 ,1299000 ,1302000 ,279959 ,1302000 
2012-10-22,1277000 ,1317000 ,1276000 ,1315000 ,234884 ,1315000 
2012-10-23,1319000 ,1322000 ,1302000 ,1313000 ,185296 ,1313000 
2012-10-24,1297000 ,1309000 ,1289000 ,1300000 ,269753 ,1300000 
2012-10-25,1296000 ,1322000 ,1291000 ,1322000 ,237942 ,1322000 
2012-10-26,1306000 ,1312000 ,1287000 ,1287000 ,276353 ,1287000 
2012-10-29,1298000 ,1299000 ,1279000 ,1299000 ,229431 ,1299000 
2012-10-30,1299000 ,1304000 ,1292000 ,1298000 ,133300 ,1298000 
2012-10-31,1306000 ,1312000 ,1299000 ,1310000 ,212428 ,1310000 
2012-11-01,1295000 ,1302000 ,1290000 ,1297000 ,209205 ,1297000 
2012-11-02,1319000 ,1333000 ,1313000 ,1327000 ,370592 ,1327000 
2012-11-05,1328000 ,1349000 ,1320000 ,1341000 ,261413 ,1341000 
2012-11-06,1349000 ,1349000 ,1332000 ,1349000 ,179690 ,1349000 
2012-11-07,1343000 ,1362000 ,1335000 ,1362000 ,193847 ,1362000 
2012-11-08,1348000 ,1357000 ,1341000 ,1350000 ,306862 ,1350000 
2012-11-09,1335000 ,1351000 ,1326000 ,1341000 ,291124 ,1341000 
2012-11-12,1331000 ,1347000 ,1331000 ,1345000 ,139213 ,1345000 
2012-11-13,1347000 ,1349000 ,1326000 ,1349000 ,146594 ,1349000 
2012-11-14,1357000 ,1357000 ,1346000 ,1355000 ,208828 ,1355000 
2012-11-15,1335000 ,1338000 ,1326000 ,1331000 ,199259 ,1331000 
2012-11-16,1322000 ,1326000 ,1301000 ,1307000 ,243724 ,1307000 
2012-11-19,1315000 ,1342000 ,1313000 ,1332000 ,202837 ,1332000 
2012-11-20,1353000 ,1365000 ,1346000 ,1364000 ,268586 ,1364000 
2012-11-21,1376000 ,1397000 ,1372000 ,1384000 ,355901 ,1384000 
2012-11-22,1394000 ,1419000 ,1391000 ,1417000 ,299318 ,1417000 
2012-11-23,1422000 ,1442000 ,1417000 ,1437000 ,246769 ,1437000 
2012-11-26,1442000 ,1443000 ,1399000 ,1404000 ,275155 ,1404000 
2012-11-27,1405000 ,1428000 ,1404000 ,1416000 ,236884 ,1416000 
2012-11-28,1400000 ,1438000 ,1396000 ,1413000 ,281426 ,1413000 
2012-11-29,1402000 ,1422000 ,1402000 ,1414000 ,262256 ,1414000 
2012-11-30,1423000 ,1425000 ,1399000 ,1406000 ,328810 ,1406000 
2012-12-03,1420000 ,1436000 ,1408000 ,1430000 ,204572 ,1430000 
2012-12-04,1432000 ,1434000 ,1420000 ,1430000 ,190213 ,1430000 
2012-12-05,1430000 ,1455000 ,1427000 ,1455000 ,248894 ,1455000 
2012-12-06,1468000 ,1471000 ,1434000 ,1454000 ,285144 ,1454000 
2012-12-07,1450000 ,1498000 ,1450000 ,1480000 ,317756 ,1480000 
2012-12-10,1506000 ,1506000 ,1485000 ,1491000 ,261259 ,1491000 
2012-12-11,1498000 ,1498000 ,1469000 ,1476000 ,253294 ,1476000 
2012-12-12,1473000 ,1496000 ,1473000 ,1490000 ,304949 ,1490000 
2012-12-13,1500000 ,1533000 ,1493000 ,1533000 ,614229 ,1533000 
2012-12-14,1516000 ,1536000 ,1508000 ,1515000 ,279121 ,1515000 
2012-12-17,1501000 ,1524000 ,1497000 ,1503000 ,310372 ,1503000 
2012-12-18,1500000 ,1516000 ,1495000 ,1515000 ,271247 ,1515000 
2012-12-19,1500000 ,1516000 ,1495000 ,1515000 ,271247 ,1515000 
2012-12-20,1515000 ,1529000 ,1495000 ,1503000 ,402740 ,1503000 
2012-12-21,1493000 ,1496000 ,1440000 ,1442000 ,553510 ,1442000 
2012-12-24,1448000 ,1476000 ,1442000 ,1474000 ,290702 ,1474000 
2012-12-25,1448000 ,1476000 ,1442000 ,1474000 ,290702 ,1474000 
2012-12-26,1480000 ,1503000 ,1470000 ,1470000 ,281820 ,1470000 
2012-12-27,1470000 ,1500000 ,1470000 ,1496000 ,182909 ,1496000 
2012-12-28,1488000 ,1530000 ,1487000 ,1522000 ,212266 ,1522000 
2012-12-31,1488000 ,1530000 ,1487000 ,1522000 ,212266 ,1522000 
2013-01-01,1488000 ,1530000 ,1487000 ,1522000 ,212266 ,1522000 
2013-01-02,1533000 ,1576000 ,1527000 ,1576000 ,229274 ,1576000 
2013-01-03,1582000 ,1584000 ,1543000 ,1543000 ,284927 ,1543000 
2013-01-04,1540000 ,1542000 ,1510000 ,1525000 ,260120 ,1525000 
2013-01-07,1515000 ,1528000 ,1500000 ,1520000 ,252436 ,1520000 
2013-01-08,1513000 ,1517000 ,1498000 ,1500000 ,276757 ,1500000 
2013-01-09,1500000 ,1513000 ,1491000 ,1500000 ,253720 ,1500000 
2013-01-10,1515000 ,1534000 ,1500000 ,1530000 ,293482 ,1530000 
2013-01-11,1548000 ,1548000 ,1507000 ,1533000 ,238982 ,1533000 
2013-01-14,1539000 ,1552000 ,1528000 ,1552000 ,160602 ,1552000 
2013-01-15,1560000 ,1560000 ,1512000 ,1512000 ,214769 ,1512000 
2013-01-16,1514000 ,1526000 ,1483000 ,1492000 ,325058 ,1492000 
2013-01-17,1502000 ,1502000 ,1450000 ,1469000 ,404999 ,1469000 
2013-01-18,1480000 ,1487000 ,1455000 ,1480000 ,250601 ,1480000 
2013-01-21,1464000 ,1475000 ,1448000 ,1454000 ,290784 ,1454000 
2013-01-22,1445000 ,1487000 ,1445000 ,1480000 ,239166 ,1480000 
2013-01-23,1500000 ,1502000 ,1473000 ,1473000 ,186749 ,1473000 
2013-01-24,1468000 ,1469000 ,1441000 ,1453000 ,320146 ,1453000 
2013-01-25,1460000 ,1461000 ,1405000 ,1417000 ,436418 ,1417000 
2013-01-28,1396000 ,1401000 ,1371000 ,1372000 ,618708 ,1372000 
2013-01-29,1390000 ,1418000 ,1380000 ,1409000 ,432719 ,1409000 
2013-01-30,1426000 ,1440000 ,1412000 ,1440000 ,323848 ,1440000 
2013-01-31,1430000 ,1448000 ,1422000 ,1448000 ,321056 ,1448000 
2013-02-01,1460000 ,1460000 ,1422000 ,1441000 ,231524 ,1441000 
2013-02-04,1450000 ,1453000 ,1417000 ,1437000 ,257238 ,1437000 
2013-02-05,1415000 ,1443000 ,1414000 ,1435000 ,227762 ,1435000 
2013-02-06,1440000 ,1443000 ,1427000 ,1427000 ,137943 ,1427000 
2013-02-07,1439000 ,1439000 ,1420000 ,1420000 ,194422 ,1420000 
2013-02-08,1418000 ,1470000 ,1415000 ,1462000 ,268477 ,1462000 
2013-02-11,1418000 ,1470000 ,1415000 ,1462000 ,268477 ,1462000 
2013-02-12,1484000 ,1484000 ,1459000 ,1468000 ,168395 ,1468000 
2013-02-13,1474000 ,1489000 ,1456000 ,1487000 ,184181 ,1487000 
2013-02-14,1490000 ,1494000 ,1477000 ,1490000 ,150682 ,1490000 
2013-02-15,1490000 ,1498000 ,1477000 ,1498000 ,151999 ,1498000 
2013-02-18,1490000 ,1501000 ,1481000 ,1490000 ,142199 ,1490000 
2013-02-19,1480000 ,1499000 ,1479000 ,1492000 ,122645 ,1492000 
2013-02-20,1502000 ,1545000 ,1497000 ,1545000 ,360787 ,1545000 
2013-02-21,1540000 ,1558000 ,1535000 ,1550000 ,262473 ,1550000 
2013-02-22,1530000 ,1548000 ,1520000 ,1530000 ,277053 ,1530000 
2013-02-25,1549000 ,1549000 ,1530000 ,1530000 ,177951 ,1530000 
2013-02-26,1515000 ,1538000 ,1508000 ,1527000 ,184895 ,1527000 
2013-02-27,1559000 ,1559000 ,1519000 ,1527000 ,178764 ,1527000 
2013-02-28,1530000 ,1554000 ,1530000 ,1544000 ,255684 ,1544000 
2013-03-01,1530000 ,1554000 ,1530000 ,1544000 ,255684 ,1544000 
2013-03-04,1563000 ,1563000 ,1530000 ,1539000 ,265537 ,1539000 
2013-03-05,1556000 ,1564000 ,1548000 ,1550000 ,185892 ,1550000 
2013-03-06,1572000 ,1575000 ,1547000 ,1560000 ,202973 ,1560000 
2013-03-07,1548000 ,1550000 ,1512000 ,1520000 ,269654 ,1520000 
2013-03-08,1515000 ,1517000 ,1489000 ,1499000 ,378820 ,1499000 
2013-03-11,1493000 ,1512000 ,1485000 ,1508000 ,274965 ,1508000 
2013-03-12,1504000 ,1512000 ,1490000 ,1494000 ,174931 ,1494000 
2013-03-13,1506000 ,1529000 ,1501000 ,1527000 ,226071 ,1527000 
2013-03-14,1528000 ,1534000 ,1499000 ,1520000 ,251156 ,1520000 
2013-03-15,1529000 ,1529000 ,1480000 ,1480000 ,732367 ,1480000 
2013-03-18,1460000 ,1460000 ,1434000 ,1445000 ,528791 ,1445000 
2013-03-19,1450000 ,1492000 ,1448000 ,1475000 ,279542 ,1475000 
2013-03-20,1460000 ,1485000 ,1456000 ,1460000 ,270315 ,1460000 
2013-03-21,1461000 ,1474000 ,1456000 ,1457000 ,235371 ,1457000 
2013-03-22,1458000 ,1468000 ,1452000 ,1455000 ,213742 ,1455000 
2013-03-25,1480000 ,1495000 ,1470000 ,1495000 ,205441 ,1495000 
2013-03-26,1495000 ,1522000 ,1491000 ,1509000 ,336600 ,1509000 
2013-03-27,1515000 ,1516000 ,1487000 ,1504000 ,257628 ,1504000 
2013-03-28,1503000 ,1510000 ,1497000 ,1510000 ,159792 ,1510000 
2013-03-29,1524000 ,1532000 ,1517000 ,1527000 ,190674 ,1527000 
2013-04-01,1535000 ,1535000 ,1512000 ,1512000 ,105910 ,1512000 
2013-04-02,1510000 ,1532000 ,1510000 ,1525000 ,171497 ,1525000 
2013-04-03,1526000 ,1528000 ,1509000 ,1521000 ,217654 ,1521000 
2013-04-04,1517000 ,1519000 ,1499000 ,1506000 ,214009 ,1506000 
2013-04-05,1505000 ,1516000 ,1493000 ,1505000 ,299547 ,1505000 
2013-04-08,1505000 ,1531000 ,1497000 ,1520000 ,259190 ,1520000 
2013-04-09,1527000 ,1530000 ,1510000 ,1528000 ,184880 ,1528000 
2013-04-10,1540000 ,1540000 ,1513000 ,1521000 ,235594 ,1521000 
2013-04-11,1521000 ,1540000 ,1518000 ,1540000 ,225830 ,1540000 
2013-04-12,1540000 ,1550000 ,1513000 ,1517000 ,214881 ,1517000 
2013-04-15,1503000 ,1535000 ,1503000 ,1523000 ,215346 ,1523000 
2013-04-16,1505000 ,1532000 ,1501000 ,1528000 ,371037 ,1528000 
2013-04-17,1566000 ,1566000 ,1514000 ,1518000 ,209822 ,1518000 
2013-04-18,1520000 ,1522000 ,1481000 ,1483000 ,267168 ,1483000 
2013-04-19,1465000 ,1492000 ,1455000 ,1475000 ,314080 ,1475000 
2013-04-22,1490000 ,1503000 ,1465000 ,1503000 ,186717 ,1503000 
2013-04-23,1500000 ,1503000 ,1474000 ,1483000 ,177297 ,1483000 
2013-04-24,1485000 ,1494000 ,1474000 ,1486000 ,201731 ,1486000 
2013-04-25,1470000 ,1494000 ,1470000 ,1494000 ,209278 ,1494000 
2013-04-26,1495000 ,1497000 ,1472000 ,1486000 ,233032 ,1486000 
2013-04-29,1491000 ,1492000 ,1475000 ,1481000 ,170003 ,1481000 
2013-04-30,1490000 ,1530000 ,1488000 ,1520000 ,374100 ,1520000 
2013-05-01,1490000 ,1530000 ,1488000 ,1520000 ,374100 ,1520000 
2013-05-02,1526000 ,1532000 ,1517000 ,1528000 ,200979 ,1528000 
2013-05-03,1535000 ,1537000 ,1521000 ,1535000 ,131181 ,1535000 
2013-05-06,1540000 ,1540000 ,1512000 ,1514000 ,173086 ,1514000 
2013-05-07,1508000 ,1508000 ,1491000 ,1493000 ,228690 ,1493000 
2013-05-08,1493000 ,1498000 ,1479000 ,1488000 ,298439 ,1488000 
2013-05-09,1490000 ,1520000 ,1489000 ,1515000 ,216123 ,1515000 
2013-05-10,1514000 ,1514000 ,1476000 ,1476000 ,235897 ,1476000 
2013-05-13,1471000 ,1480000 ,1462000 ,1477000 ,175002 ,1477000 
2013-05-14,1487000 ,1500000 ,1483000 ,1500000 ,180053 ,1500000 
2013-05-15,1485000 ,1500000 ,1484000 ,1500000 ,211896 ,1500000 
2013-05-16,1501000 ,1514000 ,1500000 ,1508000 ,293151 ,1508000 
2013-05-17,1501000 ,1514000 ,1500000 ,1508000 ,293151 ,1508000 
2013-05-20,1502000 ,1512000 ,1496000 ,1497000 ,245777 ,1497000 
2013-05-21,1510000 ,1510000 ,1485000 ,1492000 ,232008 ,1492000 
2013-05-22,1504000 ,1510000 ,1491000 ,1509000 ,198462 ,1509000 
2013-05-23,1492000 ,1502000 ,1484000 ,1484000 ,239883 ,1484000 
2013-05-24,1487000 ,1494000 ,1472000 ,1486000 ,203812 ,1486000 
2013-05-27,1490000 ,1499000 ,1487000 ,1489000 ,122928 ,1489000 
2013-05-28,1481000 ,1496000 ,1481000 ,1484000 ,231761 ,1484000 
2013-05-29,1484000 ,1523000 ,1483000 ,1512000 ,295211 ,1512000 
2013-05-30,1518000 ,1549000 ,1512000 ,1544000 ,455560 ,1544000 
2013-05-31,1546000 ,1559000 ,1537000 ,1538000 ,360501 ,1538000 
2013-06-03,1536000 ,1559000 ,1528000 ,1532000 ,206189 ,1532000 
2013-06-04,1533000 ,1542000 ,1521000 ,1540000 ,169932 ,1540000 
2013-06-05,1549000 ,1553000 ,1521000 ,1521000 ,271813 ,1521000 
2013-06-06,1549000 ,1553000 ,1521000 ,1521000 ,271813 ,1521000 
2013-06-07,1475000 ,1485000 ,1424000 ,1427000 ,1085816 ,1427000 
2013-06-10,1420000 ,1443000 ,1414000 ,1425000 ,533554 ,1425000 
2013-06-11,1411000 ,1419000 ,1378000 ,1389000 ,692260 ,1389000 
2013-06-12,1378000 ,1403000 ,1362000 ,1385000 ,457753 ,1385000 
2013-06-13,1380000 ,1397000 ,1357000 ,1357000 ,670197 ,1357000 
2013-06-14,1365000 ,1377000 ,1357000 ,1369000 ,351167 ,1369000 
2013-06-17,1370000 ,1378000 ,1365000 ,1366000 ,235169 ,1366000 
2013-06-18,1368000 ,1387000 ,1360000 ,1387000 ,220861 ,1387000 
2013-06-19,1382000 ,1385000 ,1364000 ,1369000 ,205405 ,1369000 
2013-06-20,1343000 ,1348000 ,1326000 ,1329000 ,356359 ,1329000 
2013-06-21,1294000 ,1333000 ,1290000 ,1325000 ,553556 ,1325000 
2013-06-24,1350000 ,1350000 ,1313000 ,1313000 ,316958 ,1313000 
2013-06-25,1301000 ,1318000 ,1288000 ,1297000 ,415499 ,1297000 
2013-06-26,1301000 ,1305000 ,1245000 ,1261000 ,635024 ,1261000 
2013-06-27,1295000 ,1344000 ,1286000 ,1339000 ,515123 ,1339000 
2013-06-28,1350000 ,1350000 ,1329000 ,1342000 ,419225 ,1342000 
2013-07-01,1334000 ,1346000 ,1322000 ,1326000 ,256519 ,1326000 
2013-07-02,1340000 ,1352000 ,1330000 ,1335000 ,204289 ,1335000 
2013-07-03,1334000 ,1339000 ,1295000 ,1301000 ,256441 ,1301000 
2013-07-04,1302000 ,1317000 ,1296000 ,1317000 ,180853 ,1317000 
2013-07-05,1286000 ,1315000 ,1260000 ,1267000 ,607656 ,1267000 
2013-07-08,1250000 ,1258000 ,1209000 ,1226000 ,529603 ,1226000 
2013-07-09,1230000 ,1250000 ,1229000 ,1237000 ,393899 ,1237000 
2013-07-10,1245000 ,1252000 ,1237000 ,1248000 ,346113 ,1248000 
2013-07-11,1251000 ,1312000 ,1251000 ,1312000 ,415767 ,1312000 
2013-07-12,1320000 ,1324000 ,1301000 ,1312000 ,227826 ,1312000 
2013-07-15,1315000 ,1319000 ,1285000 ,1313000 ,192592 ,1313000 
2013-07-16,1318000 ,1321000 ,1290000 ,1298000 ,186019 ,1298000 
2013-07-17,1301000 ,1330000 ,1286000 ,1320000 ,246046 ,1320000 
2013-07-18,1325000 ,1325000 ,1292000 ,1292000 ,314084 ,1292000 
2013-07-19,1288000 ,1295000 ,1264000 ,1273000 ,325426 ,1273000 
2013-07-22,1280000 ,1289000 ,1265000 ,1273000 ,207023 ,1273000 
2013-07-23,1273000 ,1307000 ,1272000 ,1307000 ,238978 ,1307000 
2013-07-24,1307000 ,1317000 ,1295000 ,1315000 ,175453 ,1315000 
2013-07-25,1317000 ,1322000 ,1308000 ,1315000 ,169913 ,1315000 
2013-07-26,1314000 ,1319000 ,1299000 ,1303000 ,272391 ,1303000 
2013-07-29,1291000 ,1300000 ,1279000 ,1283000 ,236437 ,1283000 
2013-07-30,1277000 ,1295000 ,1277000 ,1290000 ,188507 ,1290000 
2013-07-31,1280000 ,1290000 ,1279000 ,1280000 ,254710 ,1280000 
2013-08-01,1285000 ,1288000 ,1274000 ,1280000 ,181178 ,1280000 
2013-08-02,1293000 ,1300000 ,1282000 ,1286000 ,224827 ,1286000 
2013-08-05,1283000 ,1283000 ,1274000 ,1274000 ,161597 ,1274000 
2013-08-06,1245000 ,1272000 ,1245000 ,1254000 ,289874 ,1254000 
2013-08-07,1237000 ,1240000 ,1222000 ,1222000 ,315562 ,1222000 
2013-08-08,1213000 ,1235000 ,1213000 ,1217000 ,358216 ,1217000 
2013-08-09,1229000 ,1241000 ,1220000 ,1230000 ,241604 ,1230000 
2013-08-12,1230000 ,1248000 ,1225000 ,1232000 ,202812 ,1232000 
2013-08-13,1244000 ,1290000 ,1242000 ,1290000 ,418589 ,1290000 
2013-08-14,1289000 ,1300000 ,1285000 ,1300000 ,260102 ,1300000 
2013-08-15,1289000 ,1300000 ,1285000 ,1300000 ,260102 ,1300000 
2013-08-16,1286000 ,1301000 ,1282000 ,1295000 ,228332 ,1295000 
2013-08-19,1286000 ,1296000 ,1280000 ,1286000 ,129997 ,1286000 
2013-08-20,1296000 ,1305000 ,1269000 ,1269000 ,284619 ,1269000 
2013-08-21,1265000 ,1282000 ,1256000 ,1256000 ,246921 ,1256000 
2013-08-22,1250000 ,1267000 ,1245000 ,1255000 ,239697 ,1255000 
2013-08-23,1280000 ,1300000 ,1271000 ,1295000 ,344068 ,1295000 
2013-08-26,1301000 ,1305000 ,1296000 ,1300000 ,230393 ,1300000 
2013-08-27,1307000 ,1309000 ,1295000 ,1304000 ,182616 ,1304000 
2013-08-28,1284000 ,1310000 ,1284000 ,1309000 ,189851 ,1309000 
2013-08-29,1317000 ,1348000 ,1314000 ,1344000 ,326300 ,1344000 
2013-08-30,1360000 ,1368000 ,1351000 ,1368000 ,342716 ,1368000 
2013-09-02,1368000 ,1371000 ,1350000 ,1351000 ,201632 ,1351000 
2013-09-03,1364000 ,1364000 ,1326000 ,1337000 ,235970 ,1337000 
2013-09-04,1330000 ,1354000 ,1321000 ,1340000 ,218401 ,1340000 
2013-09-05,1370000 ,1371000 ,1358000 ,1365000 ,302002 ,1365000 
2013-09-06,1370000 ,1375000 ,1358000 ,1369000 ,238759 ,1369000 
2013-09-09,1371000 ,1375000 ,1363000 ,1373000 ,185831 ,1373000 
2013-09-10,1369000 ,1396000 ,1368000 ,1396000 ,294353 ,1396000 
2013-09-11,1398000 ,1402000 ,1385000 ,1402000 ,267060 ,1402000 
2013-09-12,1405000 ,1424000 ,1395000 ,1410000 ,436108 ,1410000 
2013-09-13,1409000 ,1410000 ,1396000 ,1406000 ,245630 ,1406000 
2013-09-16,1423000 ,1425000 ,1411000 ,1425000 ,234214 ,1425000 
2013-09-17,1420000 ,1420000 ,1381000 ,1386000 ,343627 ,1386000 
2013-09-18,1420000 ,1420000 ,1381000 ,1386000 ,343627 ,1386000 
2013-09-19,1420000 ,1420000 ,1381000 ,1386000 ,343627 ,1386000 
2013-09-20,1420000 ,1420000 ,1381000 ,1386000 ,343627 ,1386000 
2013-09-23,1365000 ,1381000 ,1353000 ,1360000 ,487258 ,1360000 
2013-09-24,1342000 ,1379000 ,1338000 ,1373000 ,302778 ,1373000 
2013-09-25,1367000 ,1374000 ,1351000 ,1364000 ,223529 ,1364000 
2013-09-26,1364000 ,1372000 ,1356000 ,1372000 ,207494 ,1372000 
2013-09-27,1375000 ,1377000 ,1363000 ,1366000 ,232265 ,1366000 
2013-09-30,1366000 ,1382000 ,1360000 ,1367000 ,233018 ,1367000 
2013-10-01,1380000 ,1383000 ,1360000 ,1382000 ,195463 ,1382000 
2013-10-02,1398000 ,1425000 ,1390000 ,1418000 ,351727 ,1418000 
2013-10-03,1398000 ,1425000 ,1390000 ,1418000 ,351727 ,1418000 
2013-10-04,1438000 ,1442000 ,1414000 ,1418000 ,315074 ,1418000 
2013-10-07,1437000 ,1437000 ,1425000 ,1436000 ,204565 ,1436000 
2013-10-08,1417000 ,1433000 ,1417000 ,1430000 ,210920 ,1430000 
2013-10-09,1417000 ,1433000 ,1417000 ,1430000 ,210920 ,1430000 
2013-10-10,1421000 ,1432000 ,1421000 ,1430000 ,276380 ,1430000 
2013-10-11,1440000 ,1447000 ,1436000 ,1443000 ,225083 ,1443000 
2013-10-14,1448000 ,1449000 ,1438000 ,1438000 ,147474 ,1438000 
2013-10-15,1450000 ,1457000 ,1445000 ,1457000 ,200473 ,1457000 
2013-10-16,1469000 ,1469000 ,1445000 ,1450000 ,160212 ,1450000 
2013-10-17,1460000 ,1468000 ,1454000 ,1463000 ,181987 ,1463000 
2013-10-18,1472000 ,1475000 ,1463000 ,1472000 ,157043 ,1472000 
2013-10-21,1475000 ,1489000 ,1454000 ,1464000 ,142521 ,1464000 
2013-10-22,1460000 ,1460000 ,1434000 ,1455000 ,247065 ,1455000 
2013-10-23,1464000 ,1464000 ,1436000 ,1442000 ,171969 ,1442000 
2013-10-24,1431000 ,1449000 ,1429000 ,1449000 ,178313 ,1449000 
2013-10-25,1450000 ,1452000 ,1433000 ,1449000 ,134706 ,1449000 
2013-10-28,1465000 ,1485000 ,1458000 ,1482000 ,226154 ,1482000 
2013-10-29,1490000 ,1490000 ,1478000 ,1490000 ,206698 ,1490000 
2013-10-30,1485000 ,1500000 ,1484000 ,1500000 ,211768 ,1500000 
2013-10-31,1498000 ,1502000 ,1465000 ,1465000 ,252941 ,1465000 
2013-11-01,1490000 ,1500000 ,1468000 ,1500000 ,227154 ,1500000 
2013-11-04,1492000 ,1502000 ,1489000 ,1499000 ,217756 ,1499000 
2013-11-05,1502000 ,1502000 ,1472000 ,1485000 ,160186 ,1485000 
2013-11-06,1498000 ,1498000 ,1449000 ,1451000 ,244368 ,1451000 
2013-11-07,1451000 ,1454000 ,1425000 ,1437000 ,260136 ,1437000 
2013-11-08,1411000 ,1428000 ,1407000 ,1410000 ,273627 ,1410000 
2013-11-11,1425000 ,1434000 ,1409000 ,1428000 ,171277 ,1428000 
2013-11-12,1440000 ,1466000 ,1436000 ,1456000 ,195698 ,1456000 
2013-11-13,1445000 ,1449000 ,1419000 ,1419000 ,199904 ,1419000 
2013-11-14,1455000 ,1455000 ,1424000 ,1424000 ,202643 ,1424000 
2013-11-15,1434000 ,1462000 ,1432000 ,1462000 ,166785 ,1462000 
2013-11-18,1470000 ,1476000 ,1465000 ,1474000 ,127736 ,1474000 
2013-11-19,1483000 ,1489000 ,1477000 ,1489000 ,163671 ,1489000 
2013-11-20,1473000 ,1487000 ,1464000 ,1470000 ,163563 ,1470000 
2013-11-21,1472000 ,1472000 ,1432000 ,1440000 ,180396 ,1440000 
2013-11-22,1441000 ,1456000 ,1431000 ,1450000 ,171492 ,1450000 
2013-11-25,1451000 ,1472000 ,1451000 ,1465000 ,132306 ,1465000 
2013-11-26,1458000 ,1479000 ,1455000 ,1479000 ,171725 ,1479000 
2013-11-27,1467000 ,1476000 ,1460000 ,1470000 ,187034 ,1470000 
2013-11-28,1480000 ,1494000 ,1479000 ,1494000 ,212898 ,1494000 
2013-11-29,1499000 ,1499000 ,1485000 ,1494000 ,135044 ,1494000 
2013-12-02,1500000 ,1503000 ,1467000 ,1467000 ,149756 ,1467000 
2013-12-03,1464000 ,1478000 ,1457000 ,1461000 ,155972 ,1461000 
2013-12-04,1450000 ,1453000 ,1431000 ,1432000 ,216880 ,1432000 
2013-12-05,1433000 ,1446000 ,1422000 ,1440000 ,209593 ,1440000 
2013-12-06,1454000 ,1454000 ,1428000 ,1428000 ,182949 ,1428000 
2013-12-09,1440000 ,1454000 ,1440000 ,1454000 ,139938 ,1454000 
2013-12-10,1441000 ,1451000 ,1431000 ,1440000 ,155112 ,1440000 
2013-12-11,1426000 ,1444000 ,1416000 ,1420000 ,212583 ,1420000 
2013-12-12,1396000 ,1410000 ,1396000 ,1410000 ,299241 ,1410000 
2013-12-13,1410000 ,1411000 ,1390000 ,1390000 ,201065 ,1390000 
2013-12-16,1391000 ,1404000 ,1383000 ,1400000 ,179088 ,1400000 
2013-12-17,1417000 ,1417000 ,1393000 ,1395000 ,155248 ,1395000 
2013-12-18,1405000 ,1410000 ,1394000 ,1401000 ,217984 ,1401000 
2013-12-19,1418000 ,1434000 ,1418000 ,1427000 ,211048 ,1427000 
2013-12-20,1413000 ,1427000 ,1413000 ,1427000 ,168148 ,1427000 
2013-12-23,1437000 ,1438000 ,1429000 ,1433000 ,212784 ,1433000 
2013-12-24,1430000 ,1432000 ,1415000 ,1415000 ,219607 ,1415000 
2013-12-25,1430000 ,1432000 ,1415000 ,1415000 ,219607 ,1415000 
2013-12-26,1408000 ,1415000 ,1401000 ,1408000 ,246156 ,1408000 
2013-12-27,1410000 ,1411000 ,1395000 ,1396000 ,210200 ,1396000 
2013-12-30,1396000 ,1397000 ,1360000 ,1372000 ,338162 ,1372000 
2013-12-31,1396000 ,1397000 ,1360000 ,1372000 ,338162 ,1372000 
2014-01-01,1396000 ,1397000 ,1360000 ,1372000 ,338162 ,1372000 
2014-01-02,1348000 ,1355000 ,1302000 ,1309000 ,620500 ,1309000 
2014-01-03,1300000 ,1311000 ,1287000 ,1296000 ,529932 ,1296000 
2014-01-06,1303000 ,1320000 ,1296000 ,1307000 ,394716 ,1307000 
2014-01-07,1300000 ,1318000 ,1295000 ,1304000 ,395264 ,1304000 
2014-01-08,1300000 ,1304000 ,1287000 ,1291000 ,409493 ,1291000 
2014-01-09,1307000 ,1307000 ,1275000 ,1275000 ,425019 ,1275000 
2014-01-10,1275000 ,1286000 ,1272000 ,1272000 ,363783 ,1272000 
2014-01-13,1283000 ,1297000 ,1273000 ,1295000 ,328987 ,1295000 
2014-01-14,1297000 ,1330000 ,1290000 ,1313000 ,294333 ,1313000 
2014-01-15,1330000 ,1331000 ,1298000 ,1299000 ,234949 ,1299000 
2014-01-16,1300000 ,1310000 ,1293000 ,1301000 ,195049 ,1301000 
2014-01-17,1301000 ,1315000 ,1292000 ,1292000 ,255485 ,1292000 
2014-01-20,1305000 ,1319000 ,1296000 ,1316000 ,173656 ,1316000 
2014-01-21,1315000 ,1327000 ,1311000 ,1324000 ,151246 ,1324000 
2014-01-22,1314000 ,1328000 ,1312000 ,1328000 ,216530 ,1328000 
2014-01-23,1316000 ,1322000 ,1299000 ,1299000 ,206739 ,1299000 
2014-01-24,1300000 ,1318000 ,1291000 ,1307000 ,280035 ,1307000 
2014-01-27,1293000 ,1304000 ,1285000 ,1292000 ,266926 ,1292000 
2014-01-28,1273000 ,1293000 ,1273000 ,1283000 ,234027 ,1283000 
2014-01-29,1280000 ,1288000 ,1277000 ,1280000 ,383637 ,1280000 
2014-01-30,1280000 ,1288000 ,1277000 ,1280000 ,383637 ,1280000 
2014-01-31,1280000 ,1288000 ,1277000 ,1280000 ,383637 ,1280000 
2014-02-03,1286000 ,1288000 ,1271000 ,1272000 ,325184 ,1272000 
2014-02-04,1263000 ,1263000 ,1249000 ,1249000 ,320660 ,1249000 
2014-02-05,1245000 ,1255000 ,1234000 ,1237000 ,298533 ,1237000 
2014-02-06,1245000 ,1267000 ,1240000 ,1259000 ,303949 ,1259000 
2014-02-07,1275000 ,1279000 ,1263000 ,1275000 ,198872 ,1275000 
2014-02-10,1271000 ,1281000 ,1262000 ,1277000 ,155993 ,1277000 
2014-02-11,1281000 ,1315000 ,1272000 ,1311000 ,253680 ,1311000 
2014-02-12,1331000 ,1331000 ,1305000 ,1307000 ,200548 ,1307000 
2014-02-13,1300000 ,1320000 ,1290000 ,1298000 ,116769 ,1298000 
2014-02-14,1296000 ,1308000 ,1292000 ,1301000 ,124415 ,1301000 
2014-02-17,1292000 ,1306000 ,1280000 ,1285000 ,187733 ,1285000 
2014-02-18,1285000 ,1299000 ,1282000 ,1295000 ,118213 ,1295000 
2014-02-19,1300000 ,1300000 ,1280000 ,1290000 ,123595 ,1290000 
2014-02-20,1290000 ,1296000 ,1281000 ,1286000 ,190866 ,1286000 
2014-02-21,1333000 ,1333000 ,1300000 ,1330000 ,286924 ,1330000 
2014-02-24,1334000 ,1345000 ,1321000 ,1328000 ,148501 ,1328000 
2014-02-25,1332000 ,1340000 ,1326000 ,1334000 ,175706 ,1334000 
2014-02-26,1337000 ,1343000 ,1325000 ,1342000 ,258361 ,1342000 
2014-02-27,1335000 ,1342000 ,1330000 ,1341000 ,157827 ,1341000 
2014-02-28,1337000 ,1349000 ,1332000 ,1349000 ,284647 ,1349000 
2014-03-03,1336000 ,1340000 ,1321000 ,1325000 ,242083 ,1325000 
2014-03-04,1320000 ,1329000 ,1315000 ,1315000 ,158003 ,1315000 
2014-03-05,1335000 ,1341000 ,1330000 ,1330000 ,149830 ,1330000 
2014-03-06,1329000 ,1329000 ,1310000 ,1326000 ,172335 ,1326000 
2014-03-07,1339000 ,1339000 ,1329000 ,1339000 ,150973 ,1339000 
2014-03-10,1320000 ,1330000 ,1317000 ,1320000 ,173152 ,1320000 
2014-03-11,1320000 ,1327000 ,1309000 ,1322000 ,181596 ,1322000 
2014-03-12,1320000 ,1320000 ,1293000 ,1294000 ,251585 ,1294000 
2014-03-13,1294000 ,1313000 ,1290000 ,1290000 ,235004 ,1290000 
2014-03-14,1270000 ,1285000 ,1270000 ,1275000 ,216736 ,1275000 
2014-03-17,1275000 ,1276000 ,1258000 ,1266000 ,176400 ,1266000 
2014-03-18,1270000 ,1283000 ,1266000 ,1278000 ,220912 ,1278000 
2014-03-19,1280000 ,1285000 ,1268000 ,1269000 ,152771 ,1269000 
2014-03-20,1270000 ,1272000 ,1262000 ,1262000 ,118788 ,1262000 
2014-03-21,1269000 ,1273000 ,1262000 ,1273000 ,166426 ,1273000 
2014-03-24,1260000 ,1274000 ,1259000 ,1273000 ,141478 ,1273000 
2014-03-25,1269000 ,1270000 ,1241000 ,1247000 ,272500 ,1247000 
2014-03-26,1269000 ,1290000 ,1248000 ,1285000 ,348894 ,1285000 
2014-03-27,1290000 ,1333000 ,1285000 ,1333000 ,417557 ,1333000 
2014-03-28,1320000 ,1338000 ,1320000 ,1335000 ,212974 ,1335000 
2014-03-31,1345000 ,1345000 ,1322000 ,1343000 ,265197 ,1343000 
2014-04-01,1345000 ,1345000 ,1331000 ,1339000 ,221620 ,1339000 
2014-04-02,1350000 ,1357000 ,1343000 ,1357000 ,262001 ,1357000 
2014-04-03,1351000 ,1395000 ,1351000 ,1390000 ,381976 ,1390000 
2014-04-04,1377000 ,1397000 ,1377000 ,1380000 ,368007 ,1380000 
2014-04-07,1397000 ,1397000 ,1374000 ,1397000 ,215235 ,1397000 
2014-04-08,1387000 ,1399000 ,1375000 ,1394000 ,212164 ,1394000 
2014-04-09,1394000 ,1395000 ,1364000 ,1371000 ,321232 ,1371000 
2014-04-10,1369000 ,1380000 ,1360000 ,1380000 ,199984 ,1380000 
2014-04-11,1362000 ,1368000 ,1359000 ,1365000 ,213187 ,1365000 
2014-04-14,1365000 ,1386000 ,1365000 ,1370000 ,211720 ,1370000 
2014-04-15,1386000 ,1387000 ,1369000 ,1370000 ,219396 ,1370000 
2014-04-16,1370000 ,1392000 ,1363000 ,1380000 ,186171 ,1380000 
2014-04-17,1376000 ,1380000 ,1366000 ,1370000 ,144833 ,1370000 
2014-04-18,1370000 ,1379000 ,1370000 ,1378000 ,190367 ,1378000 
2014-04-21,1379000 ,1386000 ,1375000 ,1380000 ,65985 ,1380000 
2014-04-22,1374000 ,1384000 ,1371000 ,1375000 ,121686 ,1375000 
2014-04-23,1394000 ,1395000 ,1382000 ,1389000 ,190015 ,1389000 
2014-04-24,1409000 ,1409000 ,1399000 ,1407000 ,210924 ,1407000 
2014-04-25,1420000 ,1428000 ,1398000 ,1399000 ,305396 ,1399000 
2014-04-28,1404000 ,1406000 ,1382000 ,1388000 ,188629 ,1388000 
2014-04-29,1389000 ,1395000 ,1351000 ,1360000 ,218184 ,1360000 
2014-04-30,1380000 ,1381000 ,1326000 ,1343000 ,300946 ,1343000 
2014-05-01,1380000 ,1381000 ,1326000 ,1343000 ,300946 ,1343000 
2014-05-02,1354000 ,1359000 ,1344000 ,1346000 ,298867 ,1346000 
2014-05-05,1354000 ,1359000 ,1344000 ,1346000 ,298867 ,1346000 
2014-05-06,1354000 ,1359000 ,1344000 ,1346000 ,298867 ,1346000 
2014-05-07,1350000 ,1356000 ,1340000 ,1344000 ,283794 ,1344000 
2014-05-08,1355000 ,1355000 ,1344000 ,1350000 ,325638 ,1350000 
2014-05-09,1356000 ,1358000 ,1326000 ,1335000 ,263141 ,1335000 
2014-05-12,1336000 ,1395000 ,1332000 ,1388000 ,318896 ,1388000 
2014-05-13,1388000 ,1425000 ,1388000 ,1400000 ,242148 ,1400000 
2014-05-14,1409000 ,1415000 ,1401000 ,1415000 ,222075 ,1415000 
2014-05-15,1414000 ,1419000 ,1403000 ,1410000 ,136134 ,1410000 
2014-05-16,1400000 ,1437000 ,1399000 ,1428000 ,317130 ,1428000 
2014-05-19,1428000 ,1450000 ,1408000 ,1448000 ,385621 ,1448000 
2014-05-20,1445000 ,1454000 ,1435000 ,1451000 ,320146 ,1451000 
2014-05-21,1435000 ,1450000 ,1435000 ,1441000 ,216850 ,1441000 
2014-05-22,1441000 ,1448000 ,1426000 ,1426000 ,190800 ,1426000 
2014-05-23,1405000 ,1428000 ,1405000 ,1428000 ,170233 ,1428000 
2014-05-26,1420000 ,1432000 ,1415000 ,1422000 ,74712 ,1422000 
2014-05-27,1417000 ,1423000 ,1403000 ,1407000 ,94968 ,1407000 
2014-05-28,1419000 ,1435000 ,1409000 ,1433000 ,184019 ,1433000 
2014-05-29,1450000 ,1465000 ,1440000 ,1460000 ,250430 ,1460000 
2014-05-30,1470000 ,1482000 ,1443000 ,1443000 ,316621 ,1443000 
2014-06-02,1443000 ,1458000 ,1439000 ,1455000 ,148789 ,1455000 
2014-06-03,1484000 ,1495000 ,1465000 ,1470000 ,344685 ,1470000 
2014-06-04,1484000 ,1495000 ,1465000 ,1470000 ,344685 ,1470000 
2014-06-05,1466000 ,1480000 ,1450000 ,1457000 ,270141 ,1457000 
2014-06-06,1466000 ,1480000 ,1450000 ,1457000 ,270141 ,1457000 
2014-06-09,1470000 ,1473000 ,1402000 ,1409000 ,445392 ,1409000 
2014-06-10,1421000 ,1438000 ,1405000 ,1436000 ,184282 ,1436000 
2014-06-11,1412000 ,1430000 ,1412000 ,1422000 ,172515 ,1422000 
2014-06-12,1430000 ,1430000 ,1401000 ,1413000 ,258863 ,1413000 
2014-06-13,1402000 ,1404000 ,1363000 ,1367000 ,371781 ,1367000 
2014-06-16,1380000 ,1382000 ,1362000 ,1374000 ,306399 ,1374000 
2014-06-17,1360000 ,1378000 ,1351000 ,1374000 ,269535 ,1374000 
2014-06-18,1373000 ,1376000 ,1356000 ,1358000 ,220887 ,1358000 
2014-06-19,1345000 ,1349000 ,1320000 ,1323000 ,446794 ,1323000 
2014-06-20,1330000 ,1330000 ,1296000 ,1301000 ,478053 ,1301000 
2014-06-23,1321000 ,1332000 ,1316000 ,1322000 ,249765 ,1322000 
2014-06-24,1340000 ,1354000 ,1332000 ,1345000 ,237817 ,1345000 
2014-06-25,1330000 ,1333000 ,1318000 ,1320000 ,204638 ,1320000 
2014-06-26,1309000 ,1343000 ,1307000 ,1325000 ,255306 ,1325000 
2014-06-27,1307000 ,1319000 ,1306000 ,1311000 ,179061 ,1311000 
2014-06-30,1310000 ,1324000 ,1309000 ,1322000 ,177621 ,1322000 
2014-07-01,1308000 ,1314000 ,1301000 ,1310000 ,174508 ,1310000 
2014-07-02,1317000 ,1331000 ,1306000 ,1330000 ,222785 ,1330000 
2014-07-03,1336000 ,1336000 ,1316000 ,1318000 ,170861 ,1318000 
2014-07-04,1322000 ,1326000 ,1303000 ,1306000 ,119577 ,1306000 
2014-07-07,1291000 ,1301000 ,1290000 ,1292000 ,188741 ,1292000 
2014-07-08,1294000 ,1319000 ,1287000 ,1295000 ,241464 ,1295000 
2014-07-09,1287000 ,1308000 ,1283000 ,1308000 ,236598 ,1308000 
2014-07-10,1308000 ,1311000 ,1302000 ,1306000 ,179204 ,1306000 
2014-07-11,1300000 ,1302000 ,1282000 ,1284000 ,215592 ,1284000 
2014-07-14,1298000 ,1300000 ,1286000 ,1286000 ,141643 ,1286000 
2014-07-15,1300000 ,1323000 ,1297000 ,1320000 ,239521 ,1320000 
2014-07-16,1313000 ,1323000 ,1311000 ,1321000 ,182284 ,1321000 
2014-07-17,1326000 ,1335000 ,1320000 ,1330000 ,218454 ,1330000 
2014-07-18,1315000 ,1343000 ,1314000 ,1343000 ,194853 ,1343000 
2014-07-21,1349000 ,1360000 ,1343000 ,1353000 ,161199 ,1353000 
2014-07-22,1348000 ,1358000 ,1345000 ,1348000 ,126019 ,1348000 
2014-07-23,1354000 ,1357000 ,1335000 ,1338000 ,128346 ,1338000 
2014-07-24,1350000 ,1358000 ,1331000 ,1355000 ,161034 ,1355000 
2014-07-25,1346000 ,1355000 ,1335000 ,1355000 ,175803 ,1355000 
2014-07-28,1355000 ,1367000 ,1344000 ,1358000 ,179851 ,1358000 
2014-07-29,1355000 ,1388000 ,1353000 ,1386000 ,256186 ,1386000 
2014-07-30,1388000 ,1408000 ,1374000 ,1395000 ,347189 ,1395000 
2014-07-31,1374000 ,1385000 ,1336000 ,1343000 ,487027 ,1343000 
2014-08-01,1305000 ,1328000 ,1292000 ,1292000 ,564621 ,1292000 
2014-08-04,1300000 ,1317000 ,1291000 ,1317000 ,241335 ,1317000 
2014-08-05,1301000 ,1321000 ,1300000 ,1316000 ,172529 ,1316000 
2014-08-06,1306000 ,1316000 ,1295000 ,1300000 ,216602 ,1300000 
2014-08-07,1300000 ,1302000 ,1285000 ,1290000 ,190545 ,1290000 
2014-08-08,1284000 ,1285000 ,1248000 ,1250000 ,412429 ,1250000 
2014-08-11,1275000 ,1282000 ,1257000 ,1270000 ,372385 ,1270000 
2014-08-12,1270000 ,1294000 ,1262000 ,1266000 ,179914 ,1266000 
2014-08-13,1275000 ,1275000 ,1248000 ,1264000 ,256900 ,1264000 
2014-08-14,1274000 ,1282000 ,1254000 ,1261000 ,208947 ,1261000 
2014-08-15,1274000 ,1282000 ,1254000 ,1261000 ,208947 ,1261000 
2014-08-18,1279000 ,1280000 ,1250000 ,1250000 ,210379 ,1250000 
2014-08-19,1264000 ,1273000 ,1253000 ,1254000 ,200888 ,1254000 
2014-08-20,1264000 ,1271000 ,1251000 ,1261000 ,188612 ,1261000 
2014-08-21,1255000 ,1261000 ,1231000 ,1235000 ,342108 ,1235000 
2014-08-22,1245000 ,1247000 ,1235000 ,1247000 ,168153 ,1247000 
2014-08-25,1231000 ,1231000 ,1221000 ,1228000 ,231544 ,1228000 
2014-08-26,1235000 ,1235000 ,1221000 ,1222000 ,214389 ,1222000 
2014-08-27,1223000 ,1237000 ,1222000 ,1230000 ,243420 ,1230000 
2014-08-28,1258000 ,1258000 ,1236000 ,1242000 ,206237 ,1242000 
2014-08-29,1238000 ,1238000 ,1228000 ,1234000 ,291165 ,1234000 
2014-09-01,1236000 ,1237000 ,1224000 ,1226000 ,113281 ,1226000 
2014-09-02,1221000 ,1225000 ,1194000 ,1194000 ,317992 ,1194000 
2014-09-03,1200000 ,1200000 ,1180000 ,1189000 ,424775 ,1189000 
2014-09-04,1210000 ,1216000 ,1202000 ,1210000 ,241999 ,1210000 
2014-09-05,1215000 ,1216000 ,1195000 ,1201000 ,215408 ,1201000 
2014-09-08,1215000 ,1216000 ,1195000 ,1201000 ,215408 ,1201000 
2014-09-09,1215000 ,1216000 ,1195000 ,1201000 ,215408 ,1201000 
2014-09-10,1215000 ,1216000 ,1195000 ,1201000 ,215408 ,1201000 
2014-09-11,1200000 ,1207000 ,1192000 ,1192000 ,466184 ,1192000 
2014-09-12,1200000 ,1208000 ,1200000 ,1201000 ,217447 ,1201000 
2014-09-15,1207000 ,1208000 ,1196000 ,1200000 ,143230 ,1200000 
2014-09-16,1208000 ,1215000 ,1201000 ,1206000 ,141848 ,1206000 
2014-09-17,1207000 ,1226000 ,1207000 ,1226000 ,150915 ,1226000 
2014-09-18,1230000 ,1230000 ,1204000 ,1210000 ,189535 ,1210000 
2014-09-19,1223000 ,1223000 ,1206000 ,1210000 ,268701 ,1210000 
2014-09-22,1204000 ,1204000 ,1180000 ,1188000 ,320442 ,1188000 
2014-09-23,1178000 ,1185000 ,1161000 ,1161000 ,390828 ,1161000 
2014-09-24,1152000 ,1161000 ,1141000 ,1150000 ,315784 ,1150000 
2014-09-25,1162000 ,1166000 ,1147000 ,1156000 ,388290 ,1156000 
2014-09-26,1152000 ,1185000 ,1148000 ,1185000 ,248271 ,1185000 
2014-09-29,1193000 ,1200000 ,1170000 ,1195000 ,188020 ,1195000 
2014-09-30,1185000 ,1188000 ,1165000 ,1184000 ,247586 ,1184000 
2014-10-01,1174000 ,1183000 ,1156000 ,1156000 ,238596 ,1156000 
2014-10-02,1165000 ,1165000 ,1141000 ,1141000 ,254655 ,1141000 
2014-10-03,1165000 ,1165000 ,1141000 ,1141000 ,254655 ,1141000 
2014-10-06,1145000 ,1156000 ,1138000 ,1151000 ,425058 ,1151000 
2014-10-07,1162000 ,1186000 ,1162000 ,1162000 ,202983 ,1162000 
2014-10-08,1142000 ,1151000 ,1124000 ,1130000 ,294411 ,1130000 
2014-10-09,1142000 ,1151000 ,1124000 ,1130000 ,294411 ,1130000 
2014-10-10,1100000 ,1114000 ,1099000 ,1105000 ,436749 ,1105000 
2014-10-13,1082000 ,1127000 ,1078000 ,1108000 ,226895 ,1108000 
2014-10-14,1127000 ,1146000 ,1120000 ,1127000 ,331451 ,1127000 
2014-10-15,1128000 ,1145000 ,1120000 ,1125000 ,282872 ,1125000 
2014-10-16,1116000 ,1121000 ,1104000 ,1115000 ,302966 ,1115000 
2014-10-17,1106000 ,1115000 ,1087000 ,1089000 ,325635 ,1089000 
2014-10-20,1115000 ,1117000 ,1101000 ,1106000 ,189535 ,1106000 
2014-10-21,1094000 ,1100000 ,1081000 ,1083000 ,235321 ,1083000 
2014-10-22,1097000 ,1104000 ,1090000 ,1104000 ,222554 ,1104000 
2014-10-23,1113000 ,1113000 ,1090000 ,1094000 ,170118 ,1094000 
2014-10-24,1103000 ,1112000 ,1092000 ,1112000 ,167569 ,1112000 
2014-10-27,1101000 ,1111000 ,1087000 ,1095000 ,167772 ,1095000 
2014-10-28,1090000 ,1100000 ,1086000 ,1091000 ,124877 ,1091000 
2014-10-29,1100000 ,1130000 ,1090000 ,1130000 ,274522 ,1130000 
2014-10-30,1129000 ,1183000 ,1115000 ,1181000 ,491339 ,1181000 
2014-10-31,1198000 ,1250000 ,1185000 ,1244000 ,772463 ,1244000 
2014-11-03,1250000 ,1252000 ,1216000 ,1235000 ,269516 ,1235000 
2014-11-04,1219000 ,1242000 ,1205000 ,1217000 ,260006 ,1217000 
2014-11-05,1215000 ,1225000 ,1194000 ,1202000 ,203243 ,1202000 
2014-11-06,1198000 ,1210000 ,1193000 ,1204000 ,171403 ,1204000 
2014-11-07,1218000 ,1218000 ,1195000 ,1206000 ,120604 ,1206000 
2014-11-10,1226000 ,1269000 ,1222000 ,1268000 ,384058 ,1268000 
2014-11-11,1255000 ,1261000 ,1227000 ,1231000 ,242828 ,1231000 
2014-11-12,1231000 ,1234000 ,1219000 ,1230000 ,181592 ,1230000 
2014-11-13,1228000 ,1232000 ,1199000 ,1200000 ,230943 ,1200000 
2014-11-14,1201000 ,1201000 ,1180000 ,1194000 ,212435 ,1194000 
2014-11-17,1190000 ,1220000 ,1182000 ,1205000 ,193879 ,1205000 
2014-11-18,1220000 ,1227000 ,1215000 ,1220000 ,215094 ,1220000 
2014-11-19,1238000 ,1238000 ,1212000 ,1218000 ,250055 ,1218000 
2014-11-20,1206000 ,1220000 ,1206000 ,1210000 ,200483 ,1210000 
2014-11-21,1219000 ,1226000 ,1217000 ,1223000 ,246727 ,1223000 
2014-11-24,1247000 ,1248000 ,1210000 ,1220000 ,205686 ,1220000 
2014-11-25,1224000 ,1224000 ,1190000 ,1190000 ,356221 ,1190000 
2014-11-26,1190000 ,1211000 ,1182000 ,1201000 ,245758 ,1201000 
2014-11-27,1273000 ,1301000 ,1264000 ,1264000 ,887556 ,1264000 
2014-11-28,1295000 ,1296000 ,1274000 ,1287000 ,196891 ,1287000 
2014-12-01,1294000 ,1298000 ,1287000 ,1295000 ,257337 ,1295000 
2014-12-02,1295000 ,1295000 ,1266000 ,1295000 ,184454 ,1295000 
2014-12-03,1300000 ,1301000 ,1295000 ,1298000 ,194710 ,1298000 
2014-12-04,1302000 ,1303000 ,1298000 ,1300000 ,177427 ,1300000 
2014-12-05,1314000 ,1314000 ,1300000 ,1302000 ,112756 ,1302000 
2014-12-08,1303000 ,1321000 ,1302000 ,1319000 ,158331 ,1319000 
2014-12-09,1319000 ,1357000 ,1319000 ,1349000 ,271062 ,1349000 
2014-12-10,1346000 ,1346000 ,1317000 ,1317000 ,319556 ,1317000 
2014-12-11,1317000 ,1319000 ,1294000 ,1305000 ,409817 ,1305000 
2014-12-12,1303000 ,1304000 ,1274000 ,1286000 ,287945 ,1286000 
2014-12-15,1280000 ,1280000 ,1260000 ,1273000 ,286759 ,1273000 
2014-12-16,1270000 ,1289000 ,1268000 ,1279000 ,257895 ,1279000 
2014-12-17,1279000 ,1283000 ,1253000 ,1266000 ,261773 ,1266000 
2014-12-18,1266000 ,1279000 ,1252000 ,1266000 ,236165 ,1266000 
2014-12-19,1294000 ,1328000 ,1287000 ,1328000 ,367130 ,1328000 
2014-12-22,1345000 ,1347000 ,1318000 ,1345000 ,358877 ,1345000 
2014-12-23,1346000 ,1349000 ,1337000 ,1339000 ,219527 ,1339000 
2014-12-24,1339000 ,1343000 ,1339000 ,1343000 ,125140 ,1343000 
2014-12-25,1339000 ,1343000 ,1339000 ,1343000 ,125140 ,1343000 
2014-12-26,1343000 ,1355000 ,1343000 ,1352000 ,229762 ,1352000 
2014-12-29,1345000 ,1347000 ,1329000 ,1329000 ,192749 ,1329000 
2014-12-30,1330000 ,1335000 ,1321000 ,1327000 ,212982 ,1327000 
2014-12-31,1330000 ,1335000 ,1321000 ,1327000 ,212982 ,1327000 
2015-01-01,1330000 ,1335000 ,1321000 ,1327000 ,212982 ,1327000 
2015-01-02,1340000 ,1340000 ,1327000 ,1330000 ,175499 ,1330000 
2015-01-05,1336000 ,1336000 ,1313000 ,1333000 ,202790 ,1333000 
2015-01-06,1315000 ,1317000 ,1288000 ,1295000 ,304710 ,1295000 
2015-01-07,1294000 ,1311000 ,1282000 ,1307000 ,286455 ,1307000 
2015-01-08,1339000 ,1339000 ,1310000 ,1314000 ,289552 ,1314000 
2015-01-09,1314000 ,1322000 ,1314000 ,1314000 ,186248 ,1314000 
2015-01-12,1313000 ,1319000 ,1301000 ,1316000 ,166508 ,1316000 
2015-01-13,1314000 ,1340000 ,1300000 ,1339000 ,245868 ,1339000 
2015-01-14,1339000 ,1355000 ,1335000 ,1345000 ,286645 ,1345000 
2015-01-15,1345000 ,1349000 ,1329000 ,1334000 ,282078 ,1334000 
2015-01-16,1334000 ,1334000 ,1313000 ,1316000 ,271370 ,1316000 
2015-01-19,1329000 ,1349000 ,1320000 ,1343000 ,133459 ,1343000 
2015-01-20,1350000 ,1372000 ,1345000 ,1372000 ,265561 ,1372000 
2015-01-21,1367000 ,1395000 ,1360000 ,1395000 ,332253 ,1395000 
2015-01-22,1398000 ,1399000 ,1378000 ,1378000 ,359154 ,1378000 
2015-01-23,1400000 ,1400000 ,1377000 ,1386000 ,257175 ,1386000 
2015-01-26,1375000 ,1395000 ,1364000 ,1389000 ,203070 ,1389000 
2015-01-27,1375000 ,1400000 ,1374000 ,1400000 ,199144 ,1400000 
2015-01-28,1386000 ,1390000 ,1374000 ,1378000 ,216630 ,1378000 
2015-01-29,1368000 ,1395000 ,1357000 ,1360000 ,274045 ,1360000 
2015-01-30,1360000 ,1377000 ,1360000 ,1365000 ,322200 ,1365000 
2015-02-02,1365000 ,1377000 ,1356000 ,1368000 ,210420 ,1368000 
2015-02-03,1380000 ,1380000 ,1359000 ,1366000 ,113088 ,1366000 
2015-02-04,1375000 ,1381000 ,1359000 ,1359000 ,186578 ,1359000 
2015-02-05,1359000 ,1369000 ,1346000 ,1358000 ,135408 ,1358000 
2015-02-06,1346000 ,1374000 ,1336000 ,1372000 ,160101 ,1372000 
2015-02-09,1360000 ,1399000 ,1357000 ,1395000 ,173870 ,1395000 
2015-02-10,1400000 ,1400000 ,1377000 ,1378000 ,130387 ,1378000 
2015-02-11,1374000 ,1374000 ,1354000 ,1355000 ,199476 ,1355000 
2015-02-12,1340000 ,1358000 ,1331000 ,1344000 ,214964 ,1344000 
2015-02-13,1360000 ,1361000 ,1345000 ,1361000 ,130458 ,1361000 
2015-02-16,1368000 ,1374000 ,1361000 ,1374000 ,124530 ,1374000 
2015-02-17,1374000 ,1377000 ,1364000 ,1377000 ,114900 ,1377000 
2015-02-18,1374000 ,1377000 ,1364000 ,1377000 ,114900 ,1377000 
2015-02-19,1374000 ,1377000 ,1364000 ,1377000 ,114900 ,1377000 
2015-02-20,1374000 ,1377000 ,1364000 ,1377000 ,114900 ,1377000 
2015-02-23,1378000 ,1390000 ,1366000 ,1367000 ,306036 ,1367000 
2015-02-24,1385000 ,1389000 ,1364000 ,1367000 ,217265 ,1367000 
2015-02-25,1380000 ,1385000 ,1373000 ,1379000 ,167485 ,1379000 
2015-02-26,1379000 ,1380000 ,1368000 ,1375000 ,163583 ,1375000 
2015-02-27,1375000 ,1376000 ,1357000 ,1357000 ,260188 ,1357000 
2015-03-02,1375000 ,1423000 ,1367000 ,1423000 ,436112 ,1423000 
2015-03-03,1435000 ,1437000 ,1406000 ,1418000 ,274976 ,1418000 
2015-03-04,1411000 ,1440000 ,1410000 ,1437000 ,232062 ,1437000 
2015-03-05,1439000 ,1443000 ,1417000 ,1422000 ,192312 ,1422000 
2015-03-06,1414000 ,1449000 ,1406000 ,1442000 ,234670 ,1442000 
2015-03-09,1440000 ,1440000 ,1420000 ,1420000 ,156292 ,1420000 
2015-03-10,1434000 ,1443000 ,1420000 ,1421000 ,208397 ,1421000 
2015-03-11,1419000 ,1479000 ,1418000 ,1474000 ,422173 ,1474000 
2015-03-12,1460000 ,1473000 ,1447000 ,1447000 ,383064 ,1447000 
2015-03-13,1461000 ,1479000 ,1455000 ,1457000 ,188262 ,1457000 
2015-03-16,1458000 ,1487000 ,1455000 ,1470000 ,179491 ,1470000 
2015-03-17,1470000 ,1500000 ,1460000 ,1497000 ,273223 ,1497000 
2015-03-18,1496000 ,1506000 ,1486000 ,1503000 ,249287 ,1503000 
2015-03-19,1510000 ,1510000 ,1470000 ,1470000 ,264516 ,1470000 
2015-03-20,1475000 ,1480000 ,1460000 ,1464000 ,254099 ,1464000 
2015-03-23,1462000 ,1474000 ,1458000 ,1467000 ,162458 ,1467000 
2015-03-24,1455000 ,1478000 ,1455000 ,1476000 ,182263 ,1476000 
2015-03-25,1487000 ,1488000 ,1472000 ,1485000 ,187381 ,1485000 
2015-03-26,1450000 ,1456000 ,1421000 ,1421000 ,420119 ,1421000 
2015-03-27,1415000 ,1448000 ,1415000 ,1421000 ,321316 ,1421000 
2015-03-30,1425000 ,1434000 ,1412000 ,1428000 ,179110 ,1428000 
2015-03-31,1449000 ,1452000 ,1430000 ,1441000 ,196853 ,1441000 
2015-04-01,1437000 ,1437000 ,1420000 ,1423000 ,145321 ,1423000 
2015-04-02,1434000 ,1440000 ,1423000 ,1434000 ,138068 ,1434000 
2015-04-03,1434000 ,1440000 ,1420000 ,1434000 ,125403 ,1434000 
2015-04-06,1443000 ,1490000 ,1435000 ,1470000 ,211652 ,1470000 
2015-04-07,1478000 ,1485000 ,1462000 ,1462000 ,190521 ,1462000 
2015-04-08,1470000 ,1485000 ,1460000 ,1479000 ,155468 ,1479000 
2015-04-09,1470000 ,1489000 ,1470000 ,1483000 ,182151 ,1483000 
2015-04-10,1480000 ,1494000 ,1478000 ,1490000 ,199202 ,1490000 
2015-04-13,1479000 ,1491000 ,1468000 ,1479000 ,205866 ,1479000 
2015-04-14,1485000 ,1485000 ,1465000 ,1474000 ,188595 ,1474000 
2015-04-15,1460000 ,1470000 ,1427000 ,1446000 ,271021 ,1446000 
2015-04-16,1462000 ,1477000 ,1447000 ,1477000 ,215247 ,1477000 
2015-04-17,1477000 ,1478000 ,1447000 ,1450000 ,203446 ,1450000 
2015-04-20,1446000 ,1448000 ,1423000 ,1430000 ,247898 ,1430000 
2015-04-21,1421000 ,1445000 ,1420000 ,1444000 ,237053 ,1444000 
2015-04-22,1444000 ,1473000 ,1436000 ,1461000 ,253111 ,1461000 
2015-04-23,1470000 ,1470000 ,1440000 ,1451000 ,184903 ,1451000 
2015-04-24,1449000 ,1455000 ,1400000 ,1410000 ,381798 ,1410000 
2015-04-27,1410000 ,1411000 ,1375000 ,1395000 ,330343 ,1395000 
2015-04-28,1390000 ,1400000 ,1359000 ,1366000 ,313946 ,1366000 
2015-04-29,1367000 ,1394000 ,1364000 ,1385000 ,217913 ,1385000 
2015-04-30,1385000 ,1418000 ,1379000 ,1410000 ,367057 ,1410000 
2015-05-01,1385000 ,1418000 ,1379000 ,1410000 ,367057 ,1410000 
2015-05-04,1407000 ,1423000 ,1397000 ,1400000 ,165674 ,1400000 
2015-05-05,1407000 ,1423000 ,1397000 ,1400000 ,165674 ,1400000 
2015-05-06,1390000 ,1391000 ,1356000 ,1362000 ,265410 ,1362000 
2015-05-07,1362000 ,1375000 ,1354000 ,1370000 ,205148 ,1370000 
2015-05-08,1366000 ,1370000 ,1338000 ,1338000 ,189762 ,1338000 
2015-05-11,1360000 ,1360000 ,1336000 ,1336000 ,192809 ,1336000 
2015-05-12,1345000 ,1353000 ,1324000 ,1331000 ,212664 ,1331000 
2015-05-13,1349000 ,1349000 ,1326000 ,1333000 ,197545 ,1333000 
2015-05-14,1341000 ,1343000 ,1328000 ,1340000 ,169770 ,1340000 
2015-05-15,1355000 ,1356000 ,1321000 ,1326000 ,178447 ,1326000 
2015-05-18,1335000 ,1335000 ,1309000 ,1320000 ,192537 ,1320000 
2015-05-19,1321000 ,1355000 ,1307000 ,1338000 ,173618 ,1338000 
2015-05-20,1349000 ,1370000 ,1341000 ,1366000 ,205829 ,1366000 
2015-05-21,1371000 ,1372000 ,1344000 ,1352000 ,144212 ,1352000 
2015-05-22,1353000 ,1353000 ,1335000 ,1350000 ,163916 ,1350000 
2015-05-25,1353000 ,1353000 ,1335000 ,1350000 ,163916 ,1350000 
2015-05-26,1366000 ,1369000 ,1336000 ,1362000 ,200683 ,1362000 
2015-05-27,1360000 ,1366000 ,1313000 ,1314000 ,345309 ,1314000 
2015-05-28,1317000 ,1321000 ,1301000 ,1309000 ,300963 ,1309000 
2015-05-29,1320000 ,1321000 ,1297000 ,1307000 ,347615 ,1307000 
2015-06-01,1300000 ,1301000 ,1288000 ,1291000 ,218439 ,1291000 
2015-06-02,1300000 ,1303000 ,1288000 ,1303000 ,175151 ,1303000 
2015-06-03,1303000 ,1316000 ,1265000 ,1273000 ,235388 ,1273000 
2015-06-04,1315000 ,1341000 ,1305000 ,1337000 ,388239 ,1337000 
2015-06-05,1325000 ,1355000 ,1320000 ,1341000 ,196563 ,1341000 
2015-06-08,1345000 ,1347000 ,1313000 ,1314000 ,202379 ,1314000 
2015-06-09,1300000 ,1310000 ,1268000 ,1282000 ,274705 ,1282000 
2015-06-10,1282000 ,1294000 ,1262000 ,1262000 ,250034 ,1262000 
2015-06-11,1263000 ,1274000 ,1253000 ,1257000 ,306281 ,1257000 
2015-06-12,1278000 ,1287000 ,1264000 ,1277000 ,234830 ,1277000 
2015-06-15,1255000 ,1274000 ,1255000 ,1270000 ,161356 ,1270000 
2015-06-16,1270000 ,1274000 ,1245000 ,1255000 ,255352 ,1255000 
2015-06-17,1250000 ,1266000 ,1240000 ,1254000 ,189046 ,1254000 
2015-06-18,1259000 ,1279000 ,1251000 ,1265000 ,164952 ,1265000 
2015-06-19,1266000 ,1278000 ,1260000 ,1266000 ,141895 ,1266000 
2015-06-22,1291000 ,1296000 ,1276000 ,1281000 ,127418 ,1281000 
2015-06-23,1309000 ,1328000 ,1291000 ,1321000 ,203180 ,1321000 
2015-06-24,1300000 ,1311000 ,1291000 ,1302000 ,203960 ,1302000 
2015-06-25,1290000 ,1303000 ,1269000 ,1269000 ,213916 ,1269000 
2015-06-26,1252000 ,1290000 ,1252000 ,1278000 ,206950 ,1278000 
2015-06-29,1269000 ,1285000 ,1256000 ,1281000 ,230399 ,1281000 
2015-06-30,1276000 ,1285000 ,1266000 ,1268000 ,197407 ,1268000 
2015-07-01,1268000 ,1302000 ,1259000 ,1295000 ,166498 ,1295000 
2015-07-02,1286000 ,1304000 ,1285000 ,1299000 ,164460 ,1299000 
2015-07-03,1287000 ,1294000 ,1267000 ,1268000 ,142604 ,1268000 
2015-07-06,1253000 ,1260000 ,1223000 ,1230000 ,201999 ,1230000 
2015-07-07,1220000 ,1259000 ,1220000 ,1240000 ,249565 ,1240000 
2015-07-08,1240000 ,1251000 ,1232000 ,1239000 ,235619 ,1239000 
2015-07-09,1230000 ,1265000 ,1226000 ,1265000 ,280610 ,1265000 
2015-07-10,1257000 ,1266000 ,1248000 ,1259000 ,191468 ,1259000 
2015-07-13,1250000 ,1272000 ,1245000 ,1266000 ,153441 ,1266000 
2015-07-14,1265000 ,1270000 ,1221000 ,1225000 ,399794 ,1225000 
2015-07-15,1225000 ,1238000 ,1224000 ,1235000 ,167413 ,1235000 
2015-07-16,1223000 ,1287000 ,1223000 ,1282000 ,223469 ,1282000 
2015-07-17,1300000 ,1311000 ,1278000 ,1305000 ,297233 ,1305000 
2015-07-20,1291000 ,1304000 ,1273000 ,1275000 ,128928 ,1275000 
2015-07-21,1275000 ,1277000 ,1247000 ,1263000 ,194055 ,1263000 
2015-07-22,1244000 ,1260000 ,1235000 ,1253000 ,268323 ,1253000 
2015-07-23,1244000 ,1253000 ,1234000 ,1234000 ,208965 ,1234000 
2015-07-24,1227000 ,1238000 ,1224000 ,1229000 ,196584 ,1229000 
2015-07-27,1229000 ,1247000 ,1228000 ,1230000 ,243040 ,1230000 
2015-07-28,1224000 ,1251000 ,1219000 ,1230000 ,267627 ,1230000 
2015-07-29,1250000 ,1275000 ,1231000 ,1263000 ,274689 ,1263000 
2015-07-30,1258000 ,1260000 ,1215000 ,1215000 ,308392 ,1215000 
2015-07-31,1220000 ,1222000 ,1175000 ,1185000 ,391589 ,1185000 
2015-08-03,1184000 ,1184000 ,1166000 ,1175000 ,196891 ,1175000 
2015-08-04,1175000 ,1187000 ,1170000 ,1182000 ,256887 ,1182000 
2015-08-05,1182000 ,1182000 ,1158000 ,1159000 ,256050 ,1159000 
2015-08-06,1155000 ,1156000 ,1115000 ,1115000 ,403981 ,1115000 
2015-08-07,1120000 ,1137000 ,1115000 ,1136000 ,275742 ,1136000 
2015-08-10,1140000 ,1142000 ,1130000 ,1141000 ,114450 ,1141000 
2015-08-11,1151000 ,1179000 ,1148000 ,1157000 ,233286 ,1157000 
2015-08-12,1150000 ,1164000 ,1140000 ,1154000 ,223080 ,1154000 
2015-08-13,1153000 ,1153000 ,1138000 ,1140000 ,150411 ,1140000 
2015-08-14,1153000 ,1153000 ,1138000 ,1140000 ,150411 ,1140000 
2015-08-17,1140000 ,1141000 ,1104000 ,1104000 ,227217 ,1104000 
2015-08-18,1118000 ,1141000 ,1117000 ,1131000 ,231672 ,1131000 
2015-08-19,1169000 ,1176000 ,1141000 ,1154000 ,401415 ,1154000 
2015-08-20,1163000 ,1171000 ,1130000 ,1139000 ,216119 ,1139000 
2015-08-21,1099000 ,1128000 ,1096000 ,1101000 ,408851 ,1101000 
2015-08-24,1088000 ,1115000 ,1033000 ,1079000 ,448592 ,1079000 
2015-08-25,1079000 ,1107000 ,1067000 ,1079000 ,392519 ,1079000 
2015-08-26,1068000 ,1074000 ,1050000 ,1067000 ,558952 ,1067000 
2015-08-27,1082000 ,1086000 ,1063000 ,1067000 ,495388 ,1067000 
2015-08-28,1086000 ,1086000 ,1073000 ,1081000 ,462223 ,1081000 
2015-08-31,1071000 ,1089000 ,1052000 ,1089000 ,408309 ,1089000 
2015-09-01,1089000 ,1098000 ,1081000 ,1085000 ,240372 ,1085000 
2015-09-02,1069000 ,1095000 ,1065000 ,1090000 ,312683 ,1090000 
2015-09-03,1102000 ,1123000 ,1093000 ,1122000 ,305142 ,1122000 
2015-09-04,1144000 ,1144000 ,1118000 ,1129000 ,251734 ,1129000 
2015-09-07,1129000 ,1129000 ,1105000 ,1112000 ,191805 ,1112000 
2015-09-08,1113000 ,1136000 ,1106000 ,1131000 ,182330 ,1131000 
2015-09-09,1146000 ,1147000 ,1136000 ,1147000 ,259376 ,1147000 
2015-09-10,1130000 ,1139000 ,1118000 ,1134000 ,362568 ,1134000 
2015-09-11,1126000 ,1133000 ,1115000 ,1115000 ,204167 ,1115000 
2015-09-14,1120000 ,1124000 ,1110000 ,1124000 ,167073 ,1124000 
2015-09-15,1114000 ,1128000 ,1113000 ,1123000 ,232956 ,1123000 
2015-09-16,1121000 ,1157000 ,1121000 ,1152000 ,343763 ,1152000 
2015-09-17,1153000 ,1157000 ,1144000 ,1157000 ,273960 ,1157000 
2015-09-18,1145000 ,1192000 ,1135000 ,1190000 ,436270 ,1190000 
2015-09-21,1163000 ,1173000 ,1150000 ,1150000 ,205359 ,1150000 
2015-09-22,1143000 ,1150000 ,1130000 ,1145000 ,250675 ,1145000 
2015-09-23,1144000 ,1144000 ,1125000 ,1131000 ,197649 ,1131000 
2015-09-24,1126000 ,1135000 ,1125000 ,1126000 ,132721 ,1126000 
2015-09-25,1120000 ,1125000 ,1109000 ,1112000 ,209160 ,1112000 
2015-09-28,1120000 ,1125000 ,1109000 ,1112000 ,209160 ,1112000 
2015-09-29,1120000 ,1125000 ,1109000 ,1112000 ,209160 ,1112000 
2015-09-30,1100000 ,1134000 ,1090000 ,1134000 ,458936 ,1134000 
2015-10-01,1140000 ,1145000 ,1121000 ,1134000 ,241041 ,1134000 
2015-10-02,1112000 ,1133000 ,1112000 ,1119000 ,274302 ,1119000 
2015-10-05,1119000 ,1131000 ,1115000 ,1115000 ,241935 ,1115000 
2015-10-06,1130000 ,1155000 ,1127000 ,1151000 ,382987 ,1151000 
2015-10-07,1198000 ,1252000 ,1186000 ,1251000 ,799502 ,1251000 
2015-10-08,1250000 ,1279000 ,1250000 ,1270000 ,570677 ,1270000 
2015-10-09,1250000 ,1279000 ,1250000 ,1270000 ,570677 ,1270000 
2015-10-12,1260000 ,1263000 ,1247000 ,1260000 ,378974 ,1260000 
2015-10-13,1260000 ,1272000 ,1248000 ,1252000 ,198000 ,1252000 
2015-10-14,1248000 ,1260000 ,1237000 ,1254000 ,175051 ,1254000 
2015-10-15,1244000 ,1282000 ,1243000 ,1269000 ,248503 ,1269000 
2015-10-16,1265000 ,1269000 ,1259000 ,1265000 ,143968 ,1265000 
2015-10-19,1257000 ,1265000 ,1249000 ,1256000 ,117070 ,1256000 
2015-10-20,1260000 ,1273000 ,1256000 ,1266000 ,150347 ,1266000 
2015-10-21,1265000 ,1282000 ,1259000 ,1270000 ,139567 ,1270000 
2015-10-22,1280000 ,1295000 ,1269000 ,1280000 ,230673 ,1280000 
2015-10-23,1300000 ,1300000 ,1278000 ,1289000 ,263071 ,1289000 
2015-10-26,1298000 ,1298000 ,1272000 ,1292000 ,152165 ,1292000 
2015-10-27,1282000 ,1299000 ,1281000 ,1298000 ,132241 ,1298000 
2015-10-28,1294000 ,1308000 ,1291000 ,1308000 ,271303 ,1308000 
2015-10-29,1330000 ,1392000 ,1324000 ,1325000 ,630471 ,1325000 
2015-10-30,1345000 ,1390000 ,1341000 ,1372000 ,509385 ,1372000 
2015-11-02,1385000 ,1393000 ,1374000 ,1383000 ,386546 ,1383000 
2015-11-03,1381000 ,1381000 ,1350000 ,1352000 ,301840 ,1352000 
2015-11-04,1352000 ,1361000 ,1326000 ,1330000 ,281070 ,1330000 
2015-11-05,1330000 ,1354000 ,1330000 ,1342000 ,173042 ,1342000 
2015-11-06,1343000 ,1348000 ,1330000 ,1338000 ,164322 ,1338000 
2015-11-09,1338000 ,1344000 ,1321000 ,1344000 ,185661 ,1344000 
2015-11-10,1336000 ,1341000 ,1314000 ,1321000 ,197551 ,1321000 
2015-11-11,1321000 ,1345000 ,1321000 ,1333000 ,140449 ,1333000 
2015-11-12,1333000 ,1334000 ,1317000 ,1317000 ,157417 ,1317000 
2015-11-13,1317000 ,1317000 ,1300000 ,1300000 ,177677 ,1300000 
2015-11-16,1291000 ,1291000 ,1263000 ,1263000 ,275705 ,1263000 
2015-11-17,1275000 ,1290000 ,1270000 ,1270000 ,186184 ,1270000 
2015-11-18,1272000 ,1290000 ,1272000 ,1281000 ,167735 ,1281000 
2015-11-19,1290000 ,1290000 ,1271000 ,1289000 ,192850 ,1289000 
2015-11-20,1289000 ,1296000 ,1278000 ,1285000 ,168720 ,1285000 
2015-11-23,1285000 ,1302000 ,1281000 ,1282000 ,198820 ,1282000 
2015-11-24,1282000 ,1305000 ,1282000 ,1299000 ,159560 ,1299000 
2015-11-25,1300000 ,1310000 ,1299000 ,1299000 ,142627 ,1299000 
2015-11-26,1299000 ,1340000 ,1299000 ,1335000 ,185800 ,1335000 
2015-11-27,1345000 ,1349000 ,1327000 ,1327000 ,169854 ,1327000 
2015-11-30,1325000 ,1325000 ,1284000 ,1284000 ,534006 ,1284000 
2015-12-01,1294000 ,1322000 ,1288000 ,1321000 ,252113 ,1321000 
2015-12-02,1321000 ,1322000 ,1294000 ,1300000 ,229628 ,1300000 
2015-12-03,1295000 ,1297000 ,1286000 ,1290000 ,166695 ,1290000 
2015-12-04,1275000 ,1280000 ,1267000 ,1269000 ,192711 ,1269000 
2015-12-07,1269000 ,1275000 ,1262000 ,1262000 ,196107 ,1262000 
2015-12-08,1262000 ,1272000 ,1262000 ,1262000 ,138322 ,1262000 
2015-12-09,1262000 ,1275000 ,1262000 ,1263000 ,181812 ,1263000 
2015-12-10,1263000 ,1293000 ,1263000 ,1283000 ,303867 ,1283000 
2015-12-11,1283000 ,1295000 ,1272000 ,1284000 ,206729 ,1284000 
2015-12-14,1273000 ,1273000 ,1255000 ,1261000 ,222801 ,1261000 
2015-12-15,1261000 ,1280000 ,1260000 ,1277000 ,175494 ,1277000 
2015-12-16,1278000 ,1310000 ,1278000 ,1299000 ,207962 ,1299000 
2015-12-17,1301000 ,1308000 ,1275000 ,1290000 ,174677 ,1290000 
2015-12-18,1265000 ,1288000 ,1264000 ,1278000 ,168369 ,1278000 
2015-12-21,1278000 ,1285000 ,1261000 ,1280000 ,160466 ,1280000 
2015-12-22,1280000 ,1292000 ,1267000 ,1292000 ,206192 ,1292000 
2015-12-23,1292000 ,1299000 ,1282000 ,1295000 ,207148 ,1295000 
2015-12-24,1295000 ,1300000 ,1285000 ,1285000 ,156151 ,1285000 
2015-12-25,1295000 ,1300000 ,1285000 ,1285000 ,156151 ,1285000 
2015-12-28,1285000 ,1289000 ,1266000 ,1266000 ,227230 ,1266000 
2015-12-29,1265000 ,1266000 ,1241000 ,1254000 ,232944 ,1254000 
2015-12-30,1260000 ,1272000 ,1254000 ,1260000 ,203958 ,1260000 
2015-12-31,1260000 ,1272000 ,1254000 ,1260000 ,203958 ,1260000 
2016-01-01,1260000 ,1272000 ,1254000 ,1260000 ,203958 ,1260000 
2016-01-04,1260000 ,1260000 ,1205000 ,1205000 ,306939 ,1205000 
2016-01-05,1202000 ,1218000 ,1186000 ,1208000 ,216002 ,1208000 
2016-01-06,1208000 ,1208000 ,1168000 ,1175000 ,366752 ,1175000 
2016-01-07,1166000 ,1183000 ,1151000 ,1163000 ,282388 ,1163000 
2016-01-08,1163000 ,1186000 ,1163000 ,1171000 ,257763 ,1171000 
2016-01-11,1156000 ,1166000 ,1146000 ,1152000 ,241277 ,1152000 
2016-01-12,1148000 ,1166000 ,1144000 ,1146000 ,206283 ,1146000 
2016-01-13,1153000 ,1159000 ,1148000 ,1148000 ,143316 ,1148000 
2016-01-14,1131000 ,1142000 ,1131000 ,1138000 ,209022 ,1138000 
2016-01-15,1140000 ,1152000 ,1124000 ,1132000 ,209464 ,1132000 
2016-01-18,1088000 ,1133000 ,1088000 ,1126000 ,320214 ,1126000 
2016-01-19,1128000 ,1171000 ,1128000 ,1171000 ,207242 ,1171000 
2016-01-20,1160000 ,1160000 ,1132000 ,1138000 ,167052 ,1138000 
2016-01-21,1133000 ,1155000 ,1125000 ,1131000 ,190352 ,1131000 
2016-01-22,1145000 ,1168000 ,1145000 ,1168000 ,147528 ,1168000 
2016-01-25,1172000 ,1176000 ,1156000 ,1162000 ,159913 ,1162000 
2016-01-26,1155000 ,1157000 ,1136000 ,1137000 ,152399 ,1137000 
2016-01-27,1126000 ,1175000 ,1126000 ,1175000 ,276237 ,1175000 
2016-01-28,1164000 ,1168000 ,1139000 ,1145000 ,315912 ,1145000 
2016-01-29,1140000 ,1150000 ,1116000 ,1150000 ,436983 ,1150000 
2016-02-01,1152000 ,1163000 ,1151000 ,1163000 ,259979 ,1163000 
2016-02-02,1161000 ,1166000 ,1147000 ,1156000 ,166348 ,1156000 
2016-02-03,1150000 ,1152000 ,1137000 ,1146000 ,174507 ,1146000 
2016-02-04,1150000 ,1161000 ,1148000 ,1156000 ,247959 ,1156000 
2016-02-05,1156000 ,1169000 ,1156000 ,1164000 ,188094 ,1164000 
2016-02-08,1156000 ,1169000 ,1156000 ,1164000 ,188094 ,1164000 
2016-02-09,1156000 ,1169000 ,1156000 ,1164000 ,188094 ,1164000 
2016-02-10,1156000 ,1169000 ,1156000 ,1164000 ,188094 ,1164000 
2016-02-11,1118000 ,1137000 ,1118000 ,1130000 ,305262 ,1130000 
2016-02-12,1130000 ,1151000 ,1122000 ,1130000 ,256232 ,1130000 
2016-02-15,1154000 ,1160000 ,1144000 ,1154000 ,183146 ,1154000 
2016-02-16,1158000 ,1179000 ,1157000 ,1168000 ,180401 ,1168000 
2016-02-17,1179000 ,1201000 ,1169000 ,1185000 ,246062 ,1185000 
2016-02-18,1203000 ,1203000 ,1178000 ,1187000 ,222481 ,1187000 
2016-02-19,1187000 ,1195000 ,1174000 ,1190000 ,176852 ,1190000 
2016-02-22,1190000 ,1192000 ,1166000 ,1175000 ,174899 ,1175000 
2016-02-23,1179000 ,1189000 ,1173000 ,1181000 ,147674 ,1181000 
2016-02-24,1178000 ,1179000 ,1161000 ,1172000 ,140484 ,1172000 
2016-02-25,1172000 ,1187000 ,1172000 ,1179000 ,133635 ,1179000 
2016-02-26,1180000 ,1187000 ,1172000 ,1172000 ,177344 ,1172000 
2016-02-29,1179000 ,1194000 ,1176000 ,1178000 ,288680 ,1178000 
2016-03-01,1179000 ,1194000 ,1176000 ,1178000 ,288680 ,1178000 
2016-03-02,1200000 ,1207000 ,1196000 ,1197000 ,236372 ,1197000 
2016-03-03,1213000 ,1220000 ,1202000 ,1220000 ,218991 ,1220000 
2016-03-04,1220000 ,1228000 ,1202000 ,1215000 ,201490 ,1215000 
2016-03-07,1220000 ,1231000 ,1215000 ,1223000 ,131376 ,1223000 
2016-03-08,1223000 ,1224000 ,1186000 ,1192000 ,216202 ,1192000 
2016-03-09,1188000 ,1199000 ,1177000 ,1194000 ,183380 ,1194000 
2016-03-10,1208000 ,1236000 ,1201000 ,1225000 ,283540 ,1225000 
2016-03-11,1225000 ,1253000 ,1216000 ,1249000 ,267225 ,1249000 
2016-03-14,1267000 ,1273000 ,1249000 ,1255000 ,217154 ,1255000 
2016-03-15,1255000 ,1264000 ,1246000 ,1253000 ,172808 ,1253000 
2016-03-16,1256000 ,1263000 ,1253000 ,1256000 ,146856 ,1256000 
2016-03-17,1265000 ,1296000 ,1257000 ,1263000 ,246869 ,1263000 
2016-03-18,1278000 ,1278000 ,1263000 ,1273000 ,225314 ,1273000 
2016-03-21,1274000 ,1279000 ,1258000 ,1267000 ,181170 ,1267000 
2016-03-22,1267000 ,1279000 ,1262000 ,1269000 ,202872 ,1269000 
2016-03-23,1269000 ,1279000 ,1262000 ,1279000 ,197418 ,1279000 
2016-03-24,1279000 ,1290000 ,1266000 ,1282000 ,218795 ,1282000 
2016-03-25,1283000 ,1290000 ,1278000 ,1288000 ,143446 ,1288000 
2016-03-28,1288000 ,1300000 ,1288000 ,1294000 ,121218 ,1294000 
2016-03-29,1294000 ,1300000 ,1285000 ,1290000 ,172454 ,1290000 
2016-03-30,1310000 ,1321000 ,1302000 ,1308000 ,267605 ,1308000 
2016-03-31,1306000 ,1314000 ,1298000 ,1312000 ,382615 ,1312000 
2016-04-01,1299000 ,1309000 ,1271000 ,1279000 ,271156 ,1279000 
2016-04-04,1279000 ,1305000 ,1279000 ,1305000 ,188046 ,1305000 
2016-04-05,1299000 ,1299000 ,1260000 ,1260000 ,236319 ,1260000 
2016-04-06,1269000 ,1291000 ,1268000 ,1285000 ,184234 ,1285000 
2016-04-07,1300000 ,1300000 ,1258000 ,1269000 ,258795 ,1269000 
2016-04-08,1269000 ,1269000 ,1240000 ,1246000 ,251868 ,1246000 
2016-04-11,1246000 ,1271000 ,1246000 ,1266000 ,120693 ,1266000 
2016-04-12,1270000 ,1281000 ,1266000 ,1275000 ,134054 ,1275000 
2016-04-13,1270000 ,1281000 ,1266000 ,1275000 ,134054 ,1275000 
2016-04-14,1300000 ,1302000 ,1289000 ,1300000 ,335327 ,1300000 
2016-04-15,1309000 ,1310000 ,1290000 ,1300000 ,136599 ,1300000 
2016-04-18,1295000 ,1305000 ,1292000 ,1299000 ,128474 ,1299000 
2016-04-19,1294000 ,1296000 ,1283000 ,1288000 ,144766 ,1288000 
2016-04-20,1282000 ,1300000 ,1282000 ,1299000 ,171972 ,1299000 
2016-04-21,1300000 ,1301000 ,1288000 ,1294000 ,145089 ,1294000 
2016-04-22,1294000 ,1294000 ,1277000 ,1280000 ,114830 ,1280000 
2016-04-25,1285000 ,1285000 ,1271000 ,1281000 ,91957 ,1281000 
2016-04-26,1285000 ,1305000 ,1283000 ,1296000 ,166901 ,1296000 
2016-04-27,1294000 ,1300000 ,1286000 ,1300000 ,165946 ,1300000 
2016-04-28,1300000 ,1300000 ,1261000 ,1265000 ,293069 ,1265000 
2016-04-29,1260000 ,1267000 ,1242000 ,1245000 ,325078 ,1245000 
2016-05-02,1247000 ,1262000 ,1245000 ,1250000 ,140552 ,1250000 
2016-05-03,1267000 ,1270000 ,1256000 ,1261000 ,158066 ,1261000 
2016-05-04,1272000 ,1290000 ,1262000 ,1290000 ,294055 ,1290000 
2016-05-05,1272000 ,1290000 ,1262000 ,1290000 ,294055 ,1290000 
2016-05-06,1272000 ,1290000 ,1262000 ,1290000 ,294055 ,1290000 
2016-05-09,1290000 ,1300000 ,1285000 ,1299000 ,312894 ,1299000 
2016-05-10,1299000 ,1300000 ,1288000 ,1296000 ,171191 ,1296000 
2016-05-11,1296000 ,1299000 ,1287000 ,1292000 ,176688 ,1292000 
2016-05-12,1292000 ,1292000 ,1275000 ,1281000 ,152302 ,1281000 
2016-05-13,1281000 ,1281000 ,1251000 ,1253000 ,245698 ,1253000 
2016-05-16,1253000 ,1263000 ,1247000 ,1248000 ,234403 ,1248000 
2016-05-17,1249000 ,1265000 ,1249000 ,1264000 ,183671 ,1264000 
2016-05-18,1264000 ,1271000 ,1255000 ,1268000 ,183392 ,1268000 
2016-05-19,1268000 ,1277000 ,1266000 ,1270000 ,200249 ,1270000 
2016-05-20,1270000 ,1280000 ,1269000 ,1269000 ,159211 ,1269000 
2016-05-23,1269000 ,1286000 ,1269000 ,1286000 ,162251 ,1286000 
2016-05-24,1286000 ,1289000 ,1268000 ,1271000 ,208692 ,1271000 
2016-05-25,1283000 ,1298000 ,1274000 ,1295000 ,237255 ,1295000 
2016-05-26,1299000 ,1303000 ,1295000 ,1296000 ,253073 ,1296000 
2016-05-27,1300000 ,1301000 ,1273000 ,1282000 ,274891 ,1282000 
2016-05-30,1297000 ,1297000 ,1274000 ,1280000 ,206307 ,1280000 
2016-05-31,1280000 ,1300000 ,1268000 ,1292000 ,1250554 ,1292000 
2016-06-01,1298000 ,1341000 ,1295000 ,1333000 ,470080 ,1333000 
2016-06-02,1350000 ,1372000 ,1346000 ,1365000 ,476139 ,1365000 
2016-06-03,1370000 ,1379000 ,1364000 ,1377000 ,341324 ,1377000 
2016-06-06,1370000 ,1379000 ,1364000 ,1377000 ,341324 ,1377000 
2016-06-07,1386000 ,1402000 ,1380000 ,1398000 ,462843 ,1398000 
2016-06-08,1419000 ,1419000 ,1389000 ,1406000 ,376162 ,1406000 
2016-06-09,1408000 ,1430000 ,1406000 ,1430000 ,515375 ,1430000 
2016-06-10,1424000 ,1425000 ,1404000 ,1406000 ,289681 ,1406000 
2016-06-13,1396000 ,1396000 ,1362000 ,1371000 ,304966 ,1371000 
2016-06-14,1371000 ,1386000 ,1369000 ,1380000 ,245461 ,1380000 
2016-06-15,1385000 ,1416000 ,1383000 ,1413000 ,306689 ,1413000 
2016-06-16,1413000 ,1417000 ,1395000 ,1409000 ,292431 ,1409000 
2016-06-17,1410000 ,1435000 ,1410000 ,1426000 ,328394 ,1426000 
2016-06-20,1427000 ,1448000 ,1426000 ,1431000 ,270316 ,1431000 
2016-06-21,1432000 ,1449000 ,1426000 ,1448000 ,200411 ,1448000 
2016-06-22,1446000 ,1450000 ,1431000 ,1445000 ,178965 ,1445000 
2016-06-23,1444000 ,1445000 ,1427000 ,1430000 ,225126 ,1430000 
2016-06-24,1445000 ,1445000 ,1360000 ,1400000 ,411052 ,1400000 
2016-06-27,1400000 ,1405000 ,1385000 ,1398000 ,236780 ,1398000 
2016-06-28,1390000 ,1404000 ,1379000 ,1399000 ,214379 ,1399000 
2016-06-29,1408000 ,1412000 ,1391000 ,1396000 ,210541 ,1396000 
2016-06-30,1408000 ,1445000 ,1397000 ,1425000 ,273434 ,1425000 
2016-07-01,1427000 ,1479000 ,1427000 ,1466000 ,287872 ,1466000 
2016-07-04,1464000 ,1474000 ,1451000 ,1466000 ,159900 ,1466000 
2016-07-05,1466000 ,1475000 ,1462000 ,1469000 ,157407 ,1469000 
2016-07-06,1447000 ,1452000 ,1412000 ,1421000 ,334983 ,1421000 
2016-07-07,1421000 ,1450000 ,1416000 ,1450000 ,229904 ,1450000 
2016-07-08,1450000 ,1475000 ,1449000 ,1460000 ,269963 ,1460000 
2016-07-11,1460000 ,1500000 ,1460000 ,1489000 ,281136 ,1489000 
2016-07-12,1499000 ,1505000 ,1460000 ,1464000 ,220494 ,1464000 
2016-07-13,1496000 ,1496000 ,1463000 ,1481000 ,200198 ,1481000 
2016-07-14,1481000 ,1500000 ,1476000 ,1500000 ,248605 ,1500000 
2016-07-15,1500000 ,1522000 ,1486000 ,1518000 ,232463 ,1518000 
2016-07-18,1518000 ,1533000 ,1500000 ,1533000 ,231344 ,1533000 
2016-07-19,1528000 ,1540000 ,1522000 ,1533000 ,202445 ,1533000 
2016-07-20,1533000 ,1542000 ,1524000 ,1540000 ,155463 ,1540000 
2016-07-21,1540000 ,1547000 ,1537000 ,1543000 ,170894 ,1543000 
2016-07-22,1506000 ,1528000 ,1506000 ,1516000 ,171703 ,1516000 
2016-07-25,1500000 ,1523000 ,1495000 ,1502000 ,154650 ,1502000 
2016-07-26,1500000 ,1531000 ,1498000 ,1530000 ,144570 ,1530000 
2016-07-27,1512000 ,1529000 ,1512000 ,1527000 ,126701 ,1527000 
2016-07-28,1533000 ,1536000 ,1498000 ,1507000 ,190074 ,1507000 
2016-07-29,1520000 ,1557000 ,1511000 ,1539000 ,299712 ,1539000 
2016-08-01,1569000 ,1580000 ,1560000 ,1568000 ,230308 ,1568000 
2016-08-02,1568000 ,1568000 ,1546000 ,1548000 ,166316 ,1548000 
2016-08-03,1548000 ,1548000 ,1517000 ,1517000 ,150098 ,1517000 
2016-08-04,1519000 ,1533000 ,1517000 ,1517000 ,140199 ,1517000 
2016-08-05,1529000 ,1564000 ,1525000 ,1561000 ,139177 ,1561000 
2016-08-08,1566000 ,1575000 ,1556000 ,1569000 ,222503 ,1569000 
2016-08-09,1574000 ,1579000 ,1557000 ,1567000 ,180464 ,1567000 
2016-08-10,1567000 ,1570000 ,1534000 ,1541000 ,246807 ,1541000 
2016-08-11,1541000 ,1559000 ,1526000 ,1559000 ,210672 ,1559000 
2016-08-12,1559000 ,1570000 ,1544000 ,1545000 ,209497 ,1545000 
2016-08-15,1559000 ,1570000 ,1544000 ,1545000 ,209497 ,1545000 
2016-08-16,1545000 ,1576000 ,1545000 ,1568000 ,216862 ,1568000 
2016-08-17,1569000 ,1570000 ,1551000 ,1566000 ,148929 ,1566000 
2016-08-18,1567000 ,1644000 ,1566000 ,1640000 ,366541 ,1640000 
2016-08-19,1638000 ,1675000 ,1636000 ,1675000 ,336103 ,1675000 
2016-08-22,1674000 ,1692000 ,1659000 ,1665000 ,252244 ,1665000 
2016-08-23,1665000 ,1694000 ,1657000 ,1687000 ,230914 ,1687000 
2016-08-24,1680000 ,1682000 ,1636000 ,1653000 ,318771 ,1653000 
2016-08-25,1630000 ,1659000 ,1622000 ,1639000 ,283476 ,1639000 
2016-08-26,1606000 ,1623000 ,1603000 ,1612000 ,241160 ,1612000 
2016-08-29,1602000 ,1640000 ,1597000 ,1640000 ,178515 ,1640000 
2016-08-30,1647000 ,1671000 ,1633000 ,1645000 ,156992 ,1645000 
2016-08-31,1641000 ,1641000 ,1611000 ,1620000 ,410644 ,1620000 
2016-09-01,1583000 ,1588000 ,1563000 ,1587000 ,375803 ,1587000 
2016-09-02,1595000 ,1613000 ,1588000 ,1597000 ,163060 ,1597000 
2016-09-05,1590000 ,1615000 ,1585000 ,1606000 ,167676 ,1606000 
2016-09-06,1607000 ,1645000 ,1597000 ,1643000 ,153203 ,1643000 
2016-09-07,1648000 ,1652000 ,1621000 ,1621000 ,191837 ,1621000 
2016-09-08,1623000 ,1639000 ,1614000 ,1639000 ,241417 ,1639000 
2016-09-09,1611000 ,1618000 ,1564000 ,1575000 ,265168 ,1575000 
2016-09-12,1490000 ,1506000 ,1456000 ,1465000 ,529987 ,1465000 
2016-09-13,1508000 ,1549000 ,1495000 ,1527000 ,494345 ,1527000 
2016-09-14,1508000 ,1549000 ,1495000 ,1527000 ,494345 ,1527000 
2016-09-15,1508000 ,1549000 ,1495000 ,1527000 ,494345 ,1527000 
2016-09-16,1508000 ,1549000 ,1495000 ,1527000 ,494345 ,1527000 
2016-09-19,1538000 ,1569000 ,1536000 ,1558000 ,448163 ,1558000 
2016-09-20,1559000 ,1588000 ,1559000 ,1585000 ,258423 ,1585000 
2016-09-21,1595000 ,1601000 ,1576000 ,1592000 ,210181 ,1592000 
2016-09-22,1600000 ,1641000 ,1599000 ,1618000 ,228599 ,1618000 
2016-09-23,1582000 ,1598000 ,1566000 ,1571000 ,365993 ,1571000 
2016-09-26,1571000 ,1596000 ,1564000 ,1568000 ,290496 ,1568000 
2016-09-27,1550000 ,1575000 ,1533000 ,1569000 ,196688 ,1569000 
2016-09-28,1554000 ,1573000 ,1554000 ,1567000 ,174128 ,1567000 
2016-09-29,1573000 ,1619000 ,1572000 ,1600000 ,227951 ,1600000 
2016-09-30,1590000 ,1615000 ,1585000 ,1598000 ,235254 ,1598000 
2016-10-03,1590000 ,1615000 ,1585000 ,1598000 ,235254 ,1598000 
2016-10-04,1610000 ,1624000 ,1606000 ,1614000 ,261062 ,1614000 
2016-10-05,1601000 ,1626000 ,1597000 ,1619000 ,249409 ,1619000 
2016-10-06,1696000 ,1700000 ,1667000 ,1691000 ,591163 ,1691000 
2016-10-07,1700000 ,1716000 ,1690000 ,1706000 ,521011 ,1706000 
2016-10-10,1650000 ,1689000 ,1628000 ,1680000 ,505866 ,1680000 
2016-10-11,1600000 ,1625000 ,1545000 ,1545000 ,768543 ,1545000 
2016-10-12,1495000 ,1545000 ,1494000 ,1535000 ,781771 ,1535000 
2016-10-13,1550000 ,1581000 ,1545000 ,1557000 ,437291 ,1557000 
2016-10-14,1548000 ,1588000 ,1547000 ,1577000 ,283179 ,1577000 
2016-10-17,1565000 ,1602000 ,1538000 ,1590000 ,255704 ,1590000 
2016-10-18,1572000 ,1595000 ,1572000 ,1589000 ,207690 ,1589000 
2016-10-19,1579000 ,1643000 ,1575000 ,1625000 ,308891 ,1625000 
2016-10-20,1626000 ,1651000 ,1609000 ,1620000 ,206609 ,1620000 
2016-10-21,1606000 ,1613000 ,1588000 ,1589000 ,209550 ,1589000 
2016-10-24,1593000 ,1608000 ,1590000 ,1608000 ,185799 ,1608000 
2016-10-25,1600000 ,1604000 ,1592000 ,1597000 ,197322 ,1597000 
2016-10-26,1597000 ,1599000 ,1562000 ,1567000 ,210680 ,1567000 
2016-10-27,1571000 ,1617000 ,1556000 ,1573000 ,282340 ,1573000 
2016-10-28,1580000 ,1614000 ,1580000 ,1614000 ,204284 ,1614000 
2016-10-31,1616000 ,1639000 ,1611000 ,1639000 ,241344 ,1639000 
2016-11-01,1630000 ,1652000 ,1612000 ,1652000 ,206948 ,1652000 
2016-11-02,1640000 ,1652000 ,1631000 ,1643000 ,201985 ,1643000 
2016-11-03,1630000 ,1640000 ,1606000 ,1616000 ,206837 ,1616000 
2016-11-04,1605000 ,1634000 ,1605000 ,1627000 ,142077 ,1627000 
2016-11-07,1647000 ,1650000 ,1634000 ,1640000 ,153238 ,1640000 
2016-11-08,1649000 ,1649000 ,1635000 ,1644000 ,108349 ,1644000 
2016-11-09,1646000 ,1657000 ,1591000 ,1596000 ,313672 ,1596000 
2016-11-10,1630000 ,1650000 ,1618000 ,1649000 ,235907 ,1649000 
2016-11-11,1585000 ,1618000 ,1585000 ,1598000 ,256736 ,1598000 
2016-11-14,1595000 ,1596000 ,1552000 ,1553000 ,302666 ,1553000 
2016-11-15,1553000 ,1581000 ,1539000 ,1539000 ,273314 ,1539000 
2016-11-16,1540000 ,1564000 ,1540000 ,1558000 ,266164 ,1558000 
2016-11-17,1555000 ,1576000 ,1545000 ,1568000 ,157411 ,1568000 
2016-11-18,1582000 ,1588000 ,1570000 ,1586000 ,189215 ,1586000 
2016-11-21,1565000 ,1606000 ,1565000 ,1593000 ,163604 ,1593000 
2016-11-22,1607000 ,1645000 ,1600000 ,1640000 ,195022 ,1640000 
2016-11-23,1661000 ,1661000 ,1626000 ,1649000 ,253372 ,1649000 
2016-11-24,1649000 ,1652000 ,1633000 ,1650000 ,155143 ,1650000 
2016-11-25,1641000 ,1652000 ,1633000 ,1650000 ,125538 ,1650000 
2016-11-28,1650000 ,1681000 ,1640000 ,1677000 ,265881 ,1677000 
2016-11-29,1690000 ,1698000 ,1669000 ,1677000 ,361626 ,1677000 
2016-11-30,1677000 ,1747000 ,1677000 ,1746000 ,570704 ,1746000 
2016-12-01,1740000 ,1753000 ,1733000 ,1749000 ,310707 ,1749000 
2016-12-02,1724000 ,1738000 ,1707000 ,1727000 ,307059 ,1727000 
2016-12-05,1717000 ,1734000 ,1711000 ,1718000 ,169692 ,1718000 
2016-12-06,1722000 ,1760000 ,1720000 ,1748000 ,280036 ,1748000 
2016-12-07,1752000 ,1774000 ,1752000 ,1772000 ,192073 ,1772000 
2016-12-08,1799000 ,1801000 ,1776000 ,1790000 ,329251 ,1790000 
2016-12-09,1795000 ,1795000 ,1770000 ,1780000 ,213049 ,1780000 
2016-12-12,1733000 ,1768000 ,1733000 ,1752000 ,228289 ,1752000 
2016-12-13,1731000 ,1772000 ,1731000 ,1766000 ,233689 ,1766000 
2016-12-14,1778000 ,1784000 ,1764000 ,1777000 ,149102 ,1777000 
2016-12-15,1741000 ,1775000 ,1741000 ,1759000 ,115471 ,1759000 
2016-12-16,1765000 ,1801000 ,1760000 ,1793000 ,234954 ,1793000 
2016-12-19,1781000 ,1819000 ,1781000 ,1795000 ,108716 ,1795000 
2016-12-20,1796000 ,1820000 ,1792000 ,1812000 ,152304 ,1812000 
2016-12-21,1818000 ,1830000 ,1801000 ,1805000 ,131042 ,1805000 
2016-12-22,1813000 ,1815000 ,1799000 ,1809000 ,127092 ,1809000 
2016-12-23,1801000 ,1804000 ,1780000 ,1782000 ,166697 ,1782000 
2016-12-26,1780000 ,1800000 ,1778000 ,1798000 ,96472 ,1798000 
2016-12-27,1799000 ,1810000 ,1793000 ,1799000 ,93069 ,1799000 
2016-12-28,1792000 ,1799000 ,1780000 ,1788000 ,133258 ,1788000 
2016-12-29,1771000 ,1802000 ,1770000 ,1802000 ,150329 ,1802000 
2016-12-30,1771000 ,1802000 ,1770000 ,1802000 ,150329 ,1802000 
2017-01-02,1799000 ,1812000 ,1794000 ,1805000 ,93012 ,1805000 
2017-01-03,1814000 ,1831000 ,1801000 ,1824000 ,147153 ,1824000 
2017-01-04,1825000 ,1826000 ,1805000 ,1808000 ,159435 ,1808000 
2017-01-05,1803000 ,1803000 ,1777000 ,1778000 ,219349 ,1778000 
2017-01-06,1809000 ,1822000 ,1802000 ,1810000 ,177619 ,1810000 
2017-01-09,1830000 ,1875000 ,1828000 ,1861000 ,263898 ,1861000 
2017-01-10,1864000 ,1870000 ,1854000 ,1862000 ,181996 ,1862000 
2017-01-11,1876000 ,1928000 ,1871000 ,1914000 ,240363 ,1914000 
2017-01-12,1900000 ,1940000 ,1899000 ,1940000 ,233383 ,1940000 
2017-01-13,1905000 ,1916000 ,1873000 ,1873000 ,319089 ,1873000 
2017-01-16,1843000 ,1891000 ,1816000 ,1833000 ,332230 ,1833000 
2017-01-17,1829000 ,1873000 ,1829000 ,1848000 ,163014 ,1848000 
2017-01-18,1852000 ,1875000 ,1831000 ,1847000 ,177508 ,1847000 
2017-01-19,1886000 ,1896000 ,1851000 ,1874000 ,188378 ,1874000 
2017-01-20,1856000 ,1871000 ,1844000 ,1860000 ,183700 ,1860000 
2017-01-23,1860000 ,1903000 ,1850000 ,1903000 ,176208 ,1903000 
2017-01-24,1906000 ,1929000 ,1894000 ,1908000 ,220975 ,1908000 
2017-01-25,1917000 ,1970000 ,1916000 ,1970000 ,268677 ,1970000 
2017-01-26,1971000 ,2000000 ,1971000 ,1995000 ,304290 ,1995000 
2017-01-27,1971000 ,2000000 ,1971000 ,1995000 ,304290 ,1995000 
2017-01-30,1971000 ,2000000 ,1971000 ,1995000 ,304290 ,1995000 
2017-01-31,1995000 ,1995000 ,1973000 ,1973000 ,359844 ,1973000 
2017-02-01,1977000 ,1983000 ,1952000 ,1956000 ,283008 ,1956000 
2017-02-02,1980000 ,1983000 ,1960000 ,1968000 ,300586 ,1968000 
2017-02-03,1970000 ,1975000 ,1959000 ,1973000 ,207727 ,1973000 
2017-02-06,1979000 ,1983000 ,1957000 ,1978000 ,177214 ,1978000 
2017-02-07,1978000 ,1979000 ,1938000 ,1941000 ,280836 ,1941000 
2017-02-08,1937000 ,1939000 ,1910000 ,1920000 ,341859 ,1920000 
2017-02-09,1939000 ,1942000 ,1911000 ,1920000 ,273883 ,1920000 
2017-02-10,1920000 ,1938000 ,1915000 ,1918000 ,220415 ,1918000 
2017-02-13,1887000 ,1903000 ,1886000 ,1898000 ,222041 ,1898000 
2017-02-14,1898000 ,1913000 ,1866000 ,1879000 ,262483 ,1879000 
2017-02-15,1854000 ,1898000 ,1854000 ,1886000 ,283831 ,1886000 
2017-02-16,1890000 ,1918000 ,1889000 ,1901000 ,204527 ,1901000 
2017-02-17,1878000 ,1902000 ,1864000 ,1893000 ,307549 ,1893000 
2017-02-20,1911000 ,1939000 ,1908000 ,1933000 ,149716 ,1933000 
2017-02-21,1927000 ,1978000 ,1921000 ,1947000 ,211252 ,1947000 
2017-02-22,1950000 ,1967000 ,1949000 ,1965000 ,170789 ,1965000 
2017-02-23,1951000 ,1972000 ,1951000 ,1959000 ,204346 ,1959000 
2017-02-24,1948000 ,1955000 ,1903000 ,1911000 ,185937 ,1911000 
2017-02-27,1901000 ,1907000 ,1885000 ,1903000 ,180674 ,1903000 
2017-02-28,1903000 ,1938000 ,1898000 ,1922000 ,301774 ,1922000 
2017-03-01,1903000 ,1938000 ,1898000 ,1922000 ,301774 ,1922000 
2017-03-02,1921000 ,1993000 ,1921000 ,1986000 ,424996 ,1986000 
2017-03-03,1967000 ,1986000 ,1958000 ,1981000 ,254174 ,1981000 
2017-03-06,1961000 ,2011000 ,1961000 ,2004000 ,244697 ,2004000 
2017-03-07,1990000 ,2016000 ,1990000 ,2010000 ,211065 ,2010000 
2017-03-08,2010000 ,2031000 ,2007000 ,2010000 ,242819 ,2010000 
2017-03-09,2010000 ,2015000 ,2001000 ,2010000 ,287445 ,2010000 
2017-03-10,1998000 ,2021000 ,1993000 ,2009000 ,204556 ,2009000 
2017-03-13,2002000 ,2049000 ,2002000 ,2030000 ,148482 ,2030000 
2017-03-14,2031000 ,2077000 ,2025000 ,2068000 ,226501 ,2068000 
2017-03-15,2040000 ,2072000 ,2040000 ,2070000 ,191757 ,2070000 
2017-03-16,2090000 ,2109000 ,2077000 ,2092000 ,198663 ,2092000 
2017-03-17,2090000 ,2125000 ,2086000 ,2120000 ,252046 ,2120000 
2017-03-20,2100000 ,2106000 ,2087000 ,2095000 ,205001 ,2095000 
2017-03-21,2089000 ,2134000 ,2088000 ,2128000 ,284403 ,2128000 
2017-03-22,2080000 ,2123000 ,2079000 ,2123000 ,328545 ,2123000 
2017-03-23,2110000 ,2118000 ,2085000 ,2090000 ,307942 ,2090000 
2017-03-24,2080000 ,2099000 ,2054000 ,2075000 ,256163 ,2075000 
2017-03-27,2060000 ,2094000 ,2059000 ,2060000 ,243553 ,2060000 
2017-03-28,2078000 ,2092000 ,2069000 ,2074000 ,164325 ,2074000 
2017-03-29,2087000 ,2098000 ,2079000 ,2089000 ,201865 ,2089000 
2017-03-30,2094000 ,2122000 ,2094000 ,2099000 ,164080 ,2099000 
2017-03-31,2091000 ,2101000 ,2060000 ,2060000 ,210006 ,2060000 
2017-04-03,2070000 ,2086000 ,2065000 ,2072000 ,191588 ,2072000 
2017-04-04,2080000 ,2109000 ,2076000 ,2104000 ,245110 ,2104000 
2017-04-05,2095000 ,2112000 ,2085000 ,2107000 ,213994 ,2107000 
2017-04-06,2100000 ,2104000 ,2080000 ,2092000 ,193668 ,2092000 
2017-04-07,2090000 ,2091000 ,2058000 ,2080000 ,200420 ,2080000 
2017-04-10,2097000 ,2097000 ,2075000 ,2097000 ,142827 ,2097000 
2017-04-11,2097000 ,2097000 ,2079000 ,2080000 ,143458 ,2080000 
2017-04-12,2093000 ,2097000 ,2085000 ,2095000 ,165498 ,2095000 
2017-04-13,2083000 ,2123000 ,2083000 ,2121000 ,180816 ,2121000 
2017-04-14,2108000 ,2113000 ,2088000 ,2101000 ,109257 ,2101000 
2017-04-17,2100000 ,2104000 ,2076000 ,2078000 ,104495 ,2078000 
2017-04-18,2084000 ,2091000 ,2064000 ,2075000 ,137213 ,2075000 
2017-04-19,2065000 ,2071000 ,2045000 ,2045000 ,235258 ,2045000 
2017-04-20,2029000 ,2040000 ,2004000 ,2014000 ,422977 ,2014000 
2017-04-21,2024000 ,2070000 ,2024000 ,2038000 ,302610 ,2038000 
2017-04-24,2063000 ,2063000 ,2046000 ,2062000 ,179803 ,2062000 
2017-04-25,2073000 ,2137000 ,2066000 ,2135000 ,385992 ,2135000 
2017-04-26,2135000 ,2140000 ,2126000 ,2140000 ,295896 ,2140000 
2017-04-27,2135000 ,2226000 ,2098000 ,2192000 ,460645 ,2192000 
2017-04-28,2289000 ,2290000 ,2226000 ,2231000 ,453714 ,2231000 
2017-05-01,2289000 ,2290000 ,2226000 ,2231000 ,453714 ,2231000 
2017-05-02,2275000 ,2275000 ,2238000 ,2245000 ,281366 ,2245000 
2017-05-03,2275000 ,2275000 ,2238000 ,2245000 ,281366 ,2245000 
2017-05-04,2285000 ,2285000 ,2243000 ,2276000 ,273802 ,2276000 
2017-05-05,2285000 ,2285000 ,2243000 ,2276000 ,273802 ,2276000 
2017-05-08,2276000 ,2351000 ,2267000 ,2351000 ,391651 ,2351000 
2017-05-09,2276000 ,2351000 ,2267000 ,2351000 ,391651 ,2351000 
2017-05-10,2308000 ,2361000 ,2280000 ,2280000 ,468219 ,2280000 
2017-05-11,2271000 ,2309000 ,2261000 ,2275000 ,425557 ,2275000 
2017-05-12,2288000 ,2308000 ,2283000 ,2291000 ,188458 ,2291000 
2017-05-15,2281000 ,2314000 ,2281000 ,2305000 ,160028 ,2305000 
2017-05-16,2333000 ,2340000 ,2305000 ,2319000 ,176075 ,2319000 
2017-05-17,2306000 ,2332000 ,2305000 ,2317000 ,148489 ,2317000 
2017-05-18,2287000 ,2300000 ,2277000 ,2297000 ,223207 ,2297000 
2017-05-19,2282000 ,2289000 ,2236000 ,2236000 ,315247 ,2236000 
2017-05-22,2252000 ,2269000 ,2238000 ,2255000 ,352871 ,2255000 
2017-05-23,2270000 ,2279000 ,2245000 ,2246000 ,252141 ,2246000 
2017-05-24,2243000 ,2265000 ,2240000 ,2244000 ,173508 ,2244000 
2017-05-25,2258000 ,2284000 ,2240000 ,2284000 ,260896 ,2284000 
2017-05-26,2280000 ,2323000 ,2277000 ,2304000 ,272273 ,2304000 
2017-05-29,2311000 ,2320000 ,2269000 ,2281000 ,174791 ,2281000 
2017-05-30,2276000 ,2283000 ,2224000 ,2232000 ,248672 ,2232000 
2017-05-31,2229000 ,2251000 ,2220000 ,2235000 ,373382 ,2235000 
2017-06-01,2243000 ,2245000 ,2220000 ,2234000 ,195070 ,2234000 
2017-06-02,2253000 ,2298000 ,2250000 ,2298000 ,249775 ,2298000 
2017-06-05,2302000 ,2318000 ,2286000 ,2297000 ,151988 ,2297000 
2017-06-06,2302000 ,2318000 ,2286000 ,2297000 ,151988 ,2297000 
2017-06-07,2325000 ,2325000 ,2262000 ,2265000 ,274588 ,2265000 
2017-06-08,2250000 ,2279000 ,2250000 ,2258000 ,279575 ,2258000 
2017-06-09,2284000 ,2322000 ,2280000 ,2305000 ,234657 ,2305000 
2017-06-12,2271000 ,2280000 ,2257000 ,2269000 ,219086 ,2269000 
2017-06-13,2257000 ,2281000 ,2257000 ,2270000 ,172498 ,2270000 
2017-06-14,2290000 ,2303000 ,2262000 ,2268000 ,203334 ,2268000 
2017-06-15,2284000 ,2296000 ,2259000 ,2284000 ,193140 ,2284000 
2017-06-16,2275000 ,2297000 ,2273000 ,2279000 ,348069 ,2279000 
2017-06-19,2279000 ,2328000 ,2278000 ,2328000 ,226078 ,2328000 
2017-06-20,2362000 ,2407000 ,2361000 ,2407000 ,300900 ,2407000 
2017-06-21,2387000 ,2406000 ,2374000 ,2374000 ,199473 ,2374000 
2017-06-22,2398000 ,2404000 ,2386000 ,2398000 ,229116 ,2398000 
2017-06-23,2380000 ,2389000 ,2371000 ,2381000 ,190302 ,2381000 
2017-06-26,2376000 ,2418000 ,2376000 ,2414000 ,171056 ,2414000 
2017-06-27,2411000 ,2420000 ,2395000 ,2415000 ,192335 ,2415000 
2017-06-28,2380000 ,2400000 ,2378000 ,2385000 ,191450 ,2385000 
2017-06-29,2402000 ,2416000 ,2397000 ,2397000 ,166131 ,2397000 
2017-06-30,2375000 ,2381000 ,2355000 ,2377000 ,237551 ,2377000 
2017-07-03,2375000 ,2389000 ,2356000 ,2361000 ,136111 ,2361000 
2017-07-04,2358000 ,2370000 ,2345000 ,2350000 ,159220 ,2350000 
2017-07-05,2341000 ,2384000 ,2339000 ,2379000 ,212805 ,2379000 
2017-07-06,2400000 ,2405000 ,2386000 ,2403000 ,218461 ,2403000 
2017-07-07,2387000 ,2406000 ,2381000 ,2393000 ,162638 ,2393000 
2017-07-10,2425000 ,2445000 ,2416000 ,2433000 ,215855 ,2433000 
